Date,BBCA.JK,BBRI.JK,BMRI.JK,BBNI.JK,BNGA.JK
2023-05-17 00:00:00+07:00,7843.224609375,4086.942626953125,3891.434326171875,3527.17822265625,1118.3682861328125
2023-05-19 00:00:00+07:00,8044.3330078125,4244.1328125,3949.80517578125,3557.41162109375,1134.0648193359375
2023-05-22 00:00:00+07:00,8044.3330078125,4263.78173828125,4066.548583984375,3567.489013671875,1141.9129638671875
2023-05-23 00:00:00+07:00,8156.06005859375,4322.72802734375,3988.719970703125,3607.7998046875,1141.9129638671875
2023-05-24 00:00:00+07:00,8066.677734375,4401.3232421875,3949.80517578125,3557.41162109375,1114.4442138671875
2023-05-25 00:00:00+07:00,8089.0244140625,4303.0791015625,4027.634521484375,3627.954833984375,1106.5960693359375
2023-05-26 00:00:00+07:00,8178.40576171875,4401.3232421875,3988.719970703125,3607.7998046875,1137.9888916015625
2023-05-29 00:00:00+07:00,8178.40576171875,4362.02490234375,4008.177490234375,3648.110107421875,1141.9129638671875
2023-05-30 00:00:00+07:00,8267.78515625,4322.72802734375,4008.177490234375,3638.03271484375,1141.9129638671875
2023-05-31 00:00:00+07:00,8089.0244140625,4381.67431640625,3930.3486328125,3648.110107421875,1130.140625
2023-06-05 00:00:00+07:00,8223.0966796875,4263.78173828125,3949.80517578125,3627.954833984375,1134.0648193359375
2023-06-06 00:00:00+07:00,8178.40576171875,4283.43017578125,3930.3486328125,3708.576171875,1145.837158203125
2023-06-07 00:00:00+07:00,8133.71533203125,4244.1328125,3910.89111328125,3688.4208984375,1149.76123046875
2023-06-08 00:00:00+07:00,8156.06005859375,4303.0791015625,3910.89111328125,3708.576171875,1149.76123046875
2023-06-09 00:00:00+07:00,8133.71533203125,4263.78173828125,3988.719970703125,3718.65380859375,1145.837158203125
2023-06-12 00:00:00+07:00,8178.40576171875,4244.1328125,3969.2626953125,3748.886474609375,1208.6226806640625
2023-06-13 00:00:00+07:00,8178.40576171875,4362.02490234375,3969.2626953125,3678.34326171875,1240.0155029296875
2023-06-14 00:00:00+07:00,8111.36865234375,4362.02490234375,3930.3486328125,3617.877197265625,1208.6226806640625
2023-06-15 00:00:00+07:00,8089.0244140625,4342.376953125,3988.719970703125,3668.265625,1212.5467529296875
2023-06-16 00:00:00+07:00,8089.0244140625,4362.02490234375,4008.177490234375,3638.03271484375,1189.002197265625
2023-06-19 00:00:00+07:00,8044.3330078125,4342.376953125,3988.719970703125,3648.110107421875,1196.850341796875
2023-06-20 00:00:00+07:00,8089.0244140625,4362.02490234375,3969.2626953125,3658.18798828125,1208.6226806640625
2023-06-21 00:00:00+07:00,8156.06005859375,4381.67431640625,3969.2626953125,3668.265625,1216.4708251953125
2023-06-22 00:00:00+07:00,8089.0244140625,4303.0791015625,3949.80517578125,3648.110107421875,1224.319091796875
2023-06-23 00:00:00+07:00,8089.0244140625,4244.1328125,3949.80517578125,3638.03271484375,1224.319091796875
2023-06-26 00:00:00+07:00,8111.36865234375,4283.43017578125,3988.719970703125,3678.34326171875,1232.167236328125
2023-06-27 00:00:00+07:00,8178.40576171875,4263.78173828125,4047.091552734375,3688.4208984375,1243.9395751953125
2023-07-03 00:00:00+07:00,8111.36865234375,4303.0791015625,4163.83447265625,3718.65380859375,1271.408203125
2023-07-04 00:00:00+07:00,8089.0244140625,4283.43017578125,4086.005615234375,3668.265625,1263.5601806640625
2023-07-05 00:00:00+07:00,8089.0244140625,4283.43017578125,4105.46337890625,3688.4208984375,1259.635986328125
2023-07-06 00:00:00+07:00,8111.36865234375,4263.78173828125,4124.92041015625,3668.265625,1259.635986328125
2023-07-07 00:00:00+07:00,8066.677734375,4224.484375,4008.177490234375,3658.18798828125,1279.2564697265625
2023-07-10 00:00:00+07:00,8089.0244140625,4244.1328125,4027.634521484375,3648.110107421875,1247.86376953125
2023-07-11 00:00:00+07:00,8066.677734375,4263.78173828125,4105.46337890625,3617.877197265625,1247.86376953125
2023-07-12 00:00:00+07:00,8200.75,4283.43017578125,4124.92041015625,3607.7998046875,1247.86376953125
2023-07-13 00:00:00+07:00,8156.06005859375,4283.43017578125,4163.83447265625,3587.644287109375,1240.0155029296875
2023-07-14 00:00:00+07:00,8223.0966796875,4342.376953125,4202.7490234375,3597.721923828125,1240.0155029296875
2023-07-17 00:00:00+07:00,8200.75,4381.67431640625,4183.2919921875,3607.7998046875,1251.787841796875
2023-07-18 00:00:00+07:00,8178.40576171875,4420.97119140625,4163.83447265625,3587.644287109375,1240.0155029296875
2023-07-20 00:00:00+07:00,8178.40576171875,4420.97119140625,4300.03466796875,3648.110107421875,1243.9395751953125
2023-07-21 00:00:00+07:00,8178.40576171875,4420.97119140625,4319.49169921875,3648.110107421875,1259.635986328125
2023-07-24 00:00:00+07:00,8133.71533203125,4401.3232421875,4280.5771484375,3638.03271484375,1263.5601806640625
2023-07-25 00:00:00+07:00,8178.40576171875,4440.6201171875,4319.49169921875,3638.03271484375,1259.635986328125
2023-07-26 00:00:00+07:00,8357.16796875,4460.26953125,4338.94970703125,3607.7998046875,1251.787841796875
2023-07-27 00:00:00+07:00,8245.44140625,4440.6201171875,4377.86328125,3587.644287109375,1263.5601806640625
2023-07-28 00:00:00+07:00,8156.06005859375,4479.91796875,4436.2353515625,3577.56640625,1263.5601806640625
2023-07-31 00:00:00+07:00,8156.06005859375,4440.6201171875,4455.6923828125,3577.56640625,1326.345703125
2023-08-01 00:00:00+07:00,8156.06005859375,4479.91796875,4397.3203125,3496.945556640625,1310.6492919921875
2023-08-02 00:00:00+07:00,8223.0966796875,4479.91796875,4436.2353515625,3577.56640625,1310.6492919921875
2023-08-03 00:00:00+07:00,8267.78515625,4479.91796875,4514.06396484375,3607.7998046875,1310.6492919921875
2023-08-04 00:00:00+07:00,8178.40576171875,4381.67431640625,4494.6064453125,3627.954833984375,1342.042236328125
2023-08-07 00:00:00+07:00,8290.1318359375,4479.91796875,4572.4345703125,3627.954833984375,1396.9794921875
2023-08-08 00:00:00+07:00,8223.0966796875,4420.97119140625,4591.89208984375,3597.721923828125,1404.8277587890625
2023-08-09 00:00:00+07:00,8401.859375,4479.91796875,4591.89208984375,3658.18798828125,1393.055419921875
2023-08-10 00:00:00+07:00,8401.859375,4479.91796875,4650.26416015625,3668.265625,1400.903564453125
2023-08-11 00:00:00+07:00,8401.859375,4440.6201171875,4611.349609375,3668.265625,1393.055419921875
2023-08-14 00:00:00+07:00,8357.16796875,4440.6201171875,4630.80712890625,3708.576171875,1385.2071533203125
2023-08-15 00:00:00+07:00,8312.4775390625,4381.67431640625,4514.06396484375,3668.265625,1385.2071533203125
2023-08-16 00:00:00+07:00,8312.4775390625,4342.376953125,4514.06396484375,3668.265625,1365.586669921875
2023-08-18 00:00:00+07:00,8267.78515625,4381.67431640625,4494.6064453125,3648.110107421875,1365.586669921875
2023-08-21 00:00:00+07:00,8200.75,4322.72802734375,4533.5205078125,3678.34326171875,1338.1180419921875
2023-08-22 00:00:00+07:00,8312.4775390625,4381.67431640625,4630.80712890625,3668.265625,1326.345703125
2023-08-23 00:00:00+07:00,8312.4775390625,4401.3232421875,4552.97802734375,3658.18798828125,1357.7384033203125
2023-08-24 00:00:00+07:00,8223.0966796875,4362.02490234375,4630.80712890625,3678.34326171875,1334.19384765625
2023-08-25 00:00:00+07:00,8290.1318359375,4401.3232421875,4591.89208984375,3668.265625,1322.421630859375
2023-08-28 00:00:00+07:00,8223.0966796875,4362.02490234375,4669.7216796875,3668.265625,1318.4974365234375
2023-08-29 00:00:00+07:00,8267.78515625,4401.3232421875,4630.80712890625,3688.4208984375,1361.6624755859375
2023-08-30 00:00:00+07:00,8223.0966796875,4342.376953125,4650.26416015625,3708.576171875,1345.9661865234375
2023-08-31 00:00:00+07:00,8200.75,4362.02490234375,4689.177734375,3698.498291015625,1334.19384765625
2023-09-01 00:00:00+07:00,8245.44140625,4381.67431640625,4728.09228515625,3698.498291015625,1338.1180419921875
2023-09-04 00:00:00+07:00,8245.44140625,4420.97119140625,4747.5498046875,3809.352783203125,1326.345703125
2023-09-05 00:00:00+07:00,8245.44140625,4420.97119140625,4747.5498046875,3879.896240234375,1322.421630859375
2023-09-06 00:00:00+07:00,8178.40576171875,4381.67431640625,4708.63525390625,3859.74072265625,1334.19384765625
2023-09-07 00:00:00+07:00,8200.75,4283.43017578125,4572.4345703125,3829.508056640625,1334.19384765625
2023-09-08 00:00:00+07:00,8156.06005859375,4204.8359375,4591.89208984375,3779.1201171875,1330.2698974609375
2023-09-11 00:00:00+07:00,8156.06005859375,4263.78173828125,4611.349609375,3809.352783203125,1318.4974365234375
2023-09-12 00:00:00+07:00,8133.71533203125,4224.484375,4572.4345703125,3748.886474609375,1302.8011474609375
2023-09-13 00:00:00+07:00,8111.36865234375,4244.1328125,4552.97802734375,3769.041748046875,1279.2564697265625
2023-09-14 00:00:00+07:00,8133.71533203125,4263.78173828125,4533.5205078125,3809.352783203125,1287.1046142578125
2023-09-15 00:00:00+07:00,8044.3330078125,4224.484375,4611.349609375,3819.43017578125,1353.8143310546875
2023-09-18 00:00:00+07:00,8044.3330078125,4185.18701171875,4591.89208984375,3769.041748046875,1338.1180419921875
2023-09-19 00:00:00+07:00,8111.36865234375,4224.484375,4669.7216796875,3809.352783203125,1338.1180419921875
2023-09-20 00:00:00+07:00,8178.40576171875,4224.484375,4728.09228515625,3859.74072265625,1330.2698974609375
2023-09-21 00:00:00+07:00,8156.06005859375,4204.8359375,4669.7216796875,3869.818603515625,1322.421630859375
2023-09-22 00:00:00+07:00,8111.36865234375,4204.8359375,4669.7216796875,3930.28466796875,1330.2698974609375
2023-09-25 00:00:00+07:00,8044.3330078125,4165.5380859375,4669.7216796875,4051.21630859375,1334.19384765625
2023-09-26 00:00:00+07:00,7999.64208984375,4086.942626953125,4611.349609375,4020.983154296875,1326.345703125
2023-09-27 00:00:00+07:00,7932.60595703125,4106.59130859375,4669.7216796875,4081.44921875,1334.19384765625
2023-09-29 00:00:00+07:00,7887.91552734375,4106.59130859375,4689.177734375,4162.0703125,1326.345703125
2023-10-02 00:00:00+07:00,8111.36865234375,4126.23974609375,4708.63525390625,4151.9931640625,1326.345703125
2023-10-03 00:00:00+07:00,8223.0966796875,4145.88916015625,4728.09228515625,4202.380859375,1314.5733642578125
2023-10-04 00:00:00+07:00,8223.0966796875,4126.23974609375,4767.0068359375,4182.22607421875,1302.8011474609375
2023-10-05 00:00:00+07:00,8111.36865234375,4067.2939453125,4767.0068359375,4182.22607421875,1302.8011474609375
2023-10-06 00:00:00+07:00,8066.677734375,4067.2939453125,4689.177734375,4192.30322265625,1287.1046142578125
2023-10-09 00:00:00+07:00,8089.0244140625,4027.99658203125,4591.89208984375,4111.68212890625,1326.345703125
2023-10-10 00:00:00+07:00,7977.29638671875,4067.2939453125,4669.7216796875,4192.30322265625,1330.2698974609375
2023-10-11 00:00:00+07:00,7977.29638671875,4126.23974609375,4708.63525390625,4172.14794921875,1334.19384765625
2023-10-12 00:00:00+07:00,8089.0244140625,4165.5380859375,4728.09228515625,4293.08056640625,1334.19384765625
2023-10-13 00:00:00+07:00,8111.36865234375,4145.88916015625,4728.09228515625,4172.14794921875,1342.042236328125
2023-10-16 00:00:00+07:00,8133.71533203125,4126.23974609375,4689.177734375,4192.30322265625,1338.1180419921875
2023-10-17 00:00:00+07:00,7999.64208984375,4047.6455078125,4669.7216796875,4192.30322265625,1345.9661865234375
2023-10-18 00:00:00+07:00,7910.2607421875,4047.6455078125,4552.97802734375,4131.83740234375,1322.421630859375
2023-10-19 00:00:00+07:00,7820.87890625,3929.7529296875,4455.6923828125,3982.688232421875,1298.876953125
2023-10-20 00:00:00+07:00,8021.9873046875,3969.05029296875,4475.1494140625,4006.874755859375,1314.5733642578125
2023-10-23 00:00:00+07:00,7910.2607421875,3929.7529296875,4416.77783203125,4022.998779296875,1291.02880859375
2023-10-24 00:00:00+07:00,7843.224609375,4008.34765625,4475.1494140625,4031.060791015625,1302.8011474609375
2023-10-25 00:00:00+07:00,7932.60595703125,4067.2939453125,4552.97802734375,4006.874755859375,1334.19384765625
2023-10-26 00:00:00+07:00,7798.53369140625,3866.876708984375,4436.2353515625,3934.315673828125,1314.5733642578125
2023-10-27 00:00:00+07:00,7776.1884765625,3929.7529296875,4436.2353515625,3910.129150390625,1330.2698974609375
2023-10-30 00:00:00+07:00,7910.2607421875,3929.7529296875,4455.6923828125,3910.129150390625,1338.1180419921875
2023-10-31 00:00:00+07:00,7820.87890625,3898.314208984375,4416.77783203125,3861.756591796875,1357.7384033203125
2023-11-01 00:00:00+07:00,7686.80712890625,3796.141357421875,4397.3203125,3885.942626953125,1349.8902587890625
2023-11-02 00:00:00+07:00,7910.2607421875,3929.7529296875,4591.89208984375,3926.253662109375,1349.8902587890625
2023-11-03 00:00:00+07:00,7954.95166015625,4008.34765625,4533.5205078125,3942.377685546875,1361.6624755859375
2023-11-06 00:00:00+07:00,8089.0244140625,4086.942626953125,4611.349609375,4006.874755859375,1369.5107421875
2023-11-07 00:00:00+07:00,8021.9873046875,4126.23974609375,4572.4345703125,3982.688232421875,1353.8143310546875
2023-11-08 00:00:00+07:00,8044.3330078125,4106.59130859375,4552.97802734375,3934.315673828125,1345.9661865234375
2023-11-09 00:00:00+07:00,8044.3330078125,4086.942626953125,4572.4345703125,3918.191650390625,1338.1180419921875
2023-11-10 00:00:00+07:00,7887.91552734375,3988.69873046875,4494.6064453125,3918.191650390625,1330.2698974609375
2023-11-13 00:00:00+07:00,7932.60595703125,3949.4013671875,4533.5205078125,3942.377685546875,1338.1180419921875
2023-11-14 00:00:00+07:00,7977.29638671875,3988.69873046875,4533.5205078125,3934.315673828125,1334.19384765625
2023-11-15 00:00:00+07:00,8089.0244140625,4126.23974609375,4611.349609375,4014.936767578125,1342.042236328125
2023-11-16 00:00:00+07:00,8111.36865234375,4126.23974609375,4611.349609375,3990.750244140625,1342.042236328125
2023-11-17 00:00:00+07:00,8111.36865234375,4106.59130859375,4591.89208984375,4014.936767578125,1349.8902587890625
2023-11-20 00:00:00+07:00,7932.60595703125,4126.23974609375,4572.4345703125,4014.936767578125,1353.8143310546875
2023-11-21 00:00:00+07:00,7843.224609375,4086.942626953125,4572.4345703125,4091.527099609375,1353.8143310546875
2023-11-22 00:00:00+07:00,7932.60595703125,4145.88916015625,4572.4345703125,4091.527099609375,1342.042236328125
2023-11-23 00:00:00+07:00,7977.29638671875,4204.8359375,4591.89208984375,4151.9931640625,1345.9661865234375
2023-11-24 00:00:00+07:00,7977.29638671875,4244.1328125,4572.4345703125,4192.30322265625,1342.042236328125
2023-11-27 00:00:00+07:00,7932.60595703125,4204.8359375,4591.89208984375,4252.76953125,1342.042236328125
2023-11-28 00:00:00+07:00,7932.60595703125,4204.8359375,4591.89208984375,4172.14794921875,1338.1180419921875
2023-11-29 00:00:00+07:00,7954.95166015625,4165.5380859375,4552.97802734375,4212.458984375,1330.2698974609375
2023-11-30 00:00:00+07:00,8021.9873046875,4145.88916015625,4552.97802734375,4252.76953125,1338.1180419921875
2023-12-01 00:00:00+07:00,7999.64208984375,4204.8359375,4591.89208984375,4232.61376953125,1338.1180419921875
2023-12-04 00:00:00+07:00,8015.35888671875,4322.72802734375,4669.7216796875,4272.9248046875,1338.1180419921875
2023-12-05 00:00:00+07:00,7992.90673828125,4283.43017578125,4650.26416015625,4272.9248046875,1334.19384765625
2023-12-06 00:00:00+07:00,7903.09912109375,4263.78173828125,4514.06396484375,4212.458984375,1330.2698974609375
2023-12-07 00:00:00+07:00,7925.55029296875,4303.0791015625,4475.1494140625,4252.76953125,1326.345703125
2023-12-08 00:00:00+07:00,7858.1953125,4224.484375,4436.2353515625,4091.527099609375,1298.876953125
2023-12-11 00:00:00+07:00,7858.1953125,4165.5380859375,4494.6064453125,4172.14794921875,1298.876953125
2023-12-12 00:00:00+07:00,7813.2900390625,4185.18701171875,4514.06396484375,4252.76953125,1302.8011474609375
2023-12-13 00:00:00+07:00,7790.8388671875,4165.5380859375,4455.6923828125,4172.14794921875,1294.952880859375
2023-12-14 00:00:00+07:00,8127.6181640625,4362.02490234375,4630.80712890625,4313.23486328125,1318.4974365234375
2023-12-15 00:00:00+07:00,8284.7822265625,4362.02490234375,4591.89208984375,4252.76953125,1326.345703125
2023-12-18 00:00:00+07:00,8262.330078125,4322.72802734375,4611.349609375,4192.30322265625,1326.345703125
2023-12-19 00:00:00+07:00,8307.2333984375,4362.02490234375,4650.26416015625,4192.30322265625,1322.421630859375
2023-12-20 00:00:00+07:00,8352.138671875,4362.02490234375,4611.349609375,4192.30322265625,1326.345703125
2023-12-21 00:00:00+07:00,8374.5888671875,4381.67431640625,4650.26416015625,4151.9931640625,1318.4974365234375
2023-12-22 00:00:00+07:00,8374.5888671875,4460.26953125,4650.26416015625,4232.61376953125,1318.4974365234375
2023-12-27 00:00:00+07:00,8419.4931640625,4420.97119140625,4669.7216796875,4252.76953125,1326.345703125
2023-12-28 00:00:00+07:00,8441.9462890625,4499.56689453125,4767.0068359375,4313.23486328125,1330.2698974609375
2023-12-29 00:00:00+07:00,8441.9462890625,4499.56689453125,4708.63525390625,4333.390625,1330.2698974609375
2024-01-02 00:00:00+07:00,8464.3974609375,4526.6875,4767.0068359375,4333.390625,1338.1180419921875
2024-01-03 00:00:00+07:00,8397.04296875,4466.86328125,4747.5498046875,4313.23486328125,1342.042236328125
2024-01-04 00:00:00+07:00,8509.302734375,4546.62841796875,4942.12158203125,4514.78857421875,1345.9661865234375
2024-01-05 00:00:00+07:00,8599.1103515625,4586.51123046875,5000.49267578125,4494.63330078125,1349.8902587890625
2024-01-08 00:00:00+07:00,8599.1103515625,4486.80419921875,4981.0361328125,4494.63330078125,1353.8143310546875
2024-01-09 00:00:00+07:00,8644.015625,4546.62841796875,4961.5791015625,4555.09912109375,1353.8143310546875
2024-01-10 00:00:00+07:00,8576.6572265625,4546.62841796875,5000.49267578125,4514.78857421875,1353.8143310546875
2024-01-11 00:00:00+07:00,8599.1103515625,4586.51123046875,5019.94970703125,4514.78857421875,1357.7384033203125
2024-01-12 00:00:00+07:00,8711.37109375,4666.27685546875,5117.23583984375,4514.78857421875,1365.586669921875
2024-01-15 00:00:00+07:00,8733.822265625,4646.33544921875,5058.8642578125,4534.943359375,1373.434814453125
2024-01-16 00:00:00+07:00,8711.37109375,4646.33544921875,5078.32177734375,4514.78857421875,1377.3590087890625
2024-01-17 00:00:00+07:00,8756.2744140625,4606.45263671875,5078.32177734375,4474.47802734375,1373.434814453125
2024-01-18 00:00:00+07:00,8688.9189453125,4586.51123046875,5078.32177734375,4474.47802734375,1377.3590087890625
2024-01-19 00:00:00+07:00,8644.015625,4626.3935546875,5078.32177734375,4434.16748046875,1369.5107421875
2024-01-22 00:00:00+07:00,8644.015625,4606.45263671875,5058.8642578125,4454.322265625,1369.5107421875
2024-01-23 00:00:00+07:00,8621.5615234375,4546.62841796875,5058.8642578125,4373.701171875,1357.7384033203125
2024-01-24 00:00:00+07:00,8554.2060546875,4506.74609375,4981.0361328125,4414.01171875,1353.8143310546875
2024-01-25 00:00:00+07:00,8531.75390625,4407.03955078125,4883.75,4353.5458984375,1349.8902587890625
2024-01-26 00:00:00+07:00,8397.04296875,4327.27392578125,4903.20703125,4373.701171875,1345.9661865234375
2024-01-29 00:00:00+07:00,8576.6572265625,4446.921875,5039.4072265625,4494.63330078125,1345.9661865234375
2024-01-30 00:00:00+07:00,8666.466796875,4486.80419921875,5175.60791015625,4555.09912109375,1373.434814453125
2024-01-31 00:00:00+07:00,8576.6572265625,4546.62841796875,5175.60791015625,4635.72021484375,1381.2830810546875
2024-02-01 00:00:00+07:00,8711.37109375,4586.51123046875,5097.77880859375,4615.56494140625,1369.5107421875
2024-02-02 00:00:00+07:00,8711.37109375,4666.27685546875,5195.06494140625,4655.87548828125,1369.5107421875
2024-02-05 00:00:00+07:00,8599.1103515625,4606.45263671875,5311.80712890625,4635.72021484375,1389.13134765625
2024-02-06 00:00:00+07:00,8644.015625,4646.33544921875,5331.2646484375,4655.87548828125,1389.13134765625
2024-02-07 00:00:00+07:00,8711.37109375,4666.27685546875,5409.09326171875,4635.72021484375,1396.9794921875
2024-02-12 00:00:00+07:00,8801.177734375,4805.8662109375,5525.83642578125,4796.96240234375,1495.08203125
2024-02-13 00:00:00+07:00,8733.822265625,4785.92529296875,5467.46533203125,4736.4970703125,1526.4747314453125
2024-02-15 00:00:00+07:00,8846.08203125,4885.6318359375,5603.6650390625,4837.2734375,1530.3988037109375
2024-02-16 00:00:00+07:00,8935.8896484375,4905.57275390625,5603.6650390625,4837.2734375,1550.019287109375
2024-02-19 00:00:00+07:00,8868.5341796875,4865.6904296875,5564.7509765625,4736.4970703125,1518.6265869140625
2024-02-20 00:00:00+07:00,9003.24609375,5025.22119140625,5564.7509765625,4857.42822265625,1553.9434814453125
2024-02-21 00:00:00+07:00,8958.3427734375,5025.22119140625,5642.5791015625,4837.2734375,1632.425537109375
2024-02-22 00:00:00+07:00,8868.5341796875,4985.33837890625,5525.83642578125,4796.96240234375,1648.1219482421875
2024-02-23 00:00:00+07:00,8823.630859375,4885.6318359375,5486.92236328125,4756.65185546875,1593.1844482421875
2024-02-26 00:00:00+07:00,8801.177734375,4925.51416015625,5486.92236328125,4756.65185546875,1608.880859375
2024-02-27 00:00:00+07:00,8868.5341796875,4885.6318359375,5506.3798828125,4837.2734375,1663.8182373046875
2024-02-28 00:00:00+07:00,8980.7939453125,4965.39697265625,5545.2939453125,4817.1181640625,1632.425537109375
2024-02-29 00:00:00+07:00,8868.5341796875,4885.6318359375,5448.0078125,4837.2734375,1565.7158203125
2024-03-01 00:00:00+07:00,8823.630859375,4885.6318359375,5467.46533203125,4756.65185546875,1557.8675537109375
2024-03-04 00:00:00+07:00,8756.2744140625,4825.8076171875,5467.46533203125,4736.4970703125,1546.0953369140625
2024-03-05 00:00:00+07:00,8801.177734375,4885.6318359375,5467.46533203125,4756.65185546875,1538.2470703125
2024-03-06 00:00:00+07:00,8935.8896484375,4945.45556640625,5506.3798828125,4796.96240234375,1546.0953369140625
2024-03-07 00:00:00+07:00,9093.0537109375,4965.39697265625,5525.83642578125,4817.1181640625,1557.8675537109375
2024-03-08 00:00:00+07:00,9115.505859375,5065.103515625,5545.2939453125,4917.89453125,1577.488037109375
2024-03-13 00:00:00+07:00,8980.7939453125,5104.986328125,5662.03662109375,5018.6708984375,1565.7158203125
2024-03-14 00:00:00+07:00,9272.669921875,5092.56494140625,5759.32275390625,4958.20556640625,1557.8675537109375
2024-03-15 00:00:00+07:00,9115.505859375,4947.6552734375,5759.32275390625,4899.49169921875,1557.8675537109375
2024-03-18 00:00:00+07:00,9115.505859375,4968.35693359375,5584.20849609375,4899.49169921875,1561.7916259765625
2024-03-19 00:00:00+07:00,9137.9580078125,4968.35693359375,5662.03662109375,4941.728515625,1565.7158203125
2024-03-20 00:00:00+07:00,9093.0537109375,5051.162109375,5767.53564453125,4962.84716796875,1601.0325927734375
2024-03-21 00:00:00+07:00,9093.0537109375,5051.162109375,5767.53564453125,4899.49169921875,1601.0325927734375
2024-03-22 00:00:00+07:00,9070.6015625,5071.86376953125,5767.53564453125,4941.728515625,1608.880859375
2024-03-25 00:00:00+07:00,9256.6533203125,5175.37158203125,5931.1533203125,5005.08447265625,1655.9700927734375
2024-03-26 00:00:00+07:00,9233.68359375,5216.7744140625,5869.79736328125,5026.203125,1687.36279296875
2024-03-27 00:00:00+07:00,9256.6533203125,5175.37158203125,5869.79736328125,5005.08447265625,1726.603759765625
2024-03-28 00:00:00+07:00,9256.6533203125,5009.759765625,5931.1533203125,4983.9658203125,1710.907470703125
2024-04-01 00:00:00+07:00,9049.9296875,4906.25244140625,5644.822265625,4772.7802734375,1679.5146484375
2024-04-02 00:00:00+07:00,9095.8681640625,4699.2373046875,5644.822265625,4624.951171875,1679.5146484375
2024-04-03 00:00:00+07:00,8751.3271484375,4657.833984375,5542.56103515625,4498.240234375,1632.425537109375
2024-04-04 00:00:00+07:00,9049.9296875,4719.93896484375,5624.36962890625,4519.3583984375,1655.9700927734375
2024-04-05 00:00:00+07:00,9026.958984375,4678.53564453125,5583.46484375,4477.1220703125,1648.1219482421875
2024-04-16 00:00:00+07:00,8705.388671875,4430.1181640625,5419.84716796875,4392.6474609375,1585.3363037109375
2024-04-17 00:00:00+07:00,8751.3271484375,4388.71533203125,5419.84716796875,4434.884765625,1601.0325927734375
2024-04-18 00:00:00+07:00,8705.388671875,4533.62548828125,5563.01318359375,4477.1220703125,1585.3363037109375
2024-04-19 00:00:00+07:00,8705.388671875,4368.013671875,5501.65625,4413.76611328125,1561.7916259765625
2024-04-22 00:00:00+07:00,8590.5419921875,4388.71533203125,5501.65625,4519.3583984375,1564.0247802734375
2024-04-23 00:00:00+07:00,8935.0830078125,4388.71533203125,5583.46484375,4434.884765625,1593.2979736328125
2024-04-24 00:00:00+07:00,9141.8076171875,4326.61083984375,5767.53564453125,4477.1220703125,1572.3885498046875
2024-04-25 00:00:00+07:00,8981.021484375,4264.50634765625,5685.7265625,4477.1220703125,1559.843017578125
2024-04-26 00:00:00+07:00,8843.205078125,3999.52734375,5522.10888671875,4350.41064453125,1505.4783935546875
2024-04-29 00:00:00+07:00,9003.9912109375,3949.843994140625,5665.2744140625,4413.76611328125,1538.93359375
2024-04-30 00:00:00+07:00,9003.9912109375,4090.61376953125,5644.822265625,4434.884765625,1597.47998046875
2024-05-02 00:00:00+07:00,8774.2978515625,3941.563232421875,5174.42041015625,4080.093994140625,1568.206787109375
2024-05-03 00:00:00+07:00,9049.9296875,3933.282470703125,5031.25439453125,4080.093994140625,1530.5697021484375
2024-05-06 00:00:00+07:00,9003.9912109375,3966.405029296875,5133.515625,4063.19921875,1509.660400390625
2024-05-07 00:00:00+07:00,8912.1142578125,3867.037353515625,5133.515625,3970.27783203125,1526.387939453125
2024-05-08 00:00:00+07:00,8613.51171875,3875.318115234375,5133.515625,3944.935546875,1497.11474609375
2024-05-13 00:00:00+07:00,8751.3271484375,3875.318115234375,5072.1591796875,4037.85693359375,1534.7515869140625
2024-05-14 00:00:00+07:00,8774.2978515625,3916.721435546875,5072.1591796875,4164.56787109375,1538.93359375
2024-05-15 00:00:00+07:00,8728.3583984375,3991.246337890625,5215.3251953125,4244.81787109375,1564.0247802734375
2024-05-16 00:00:00+07:00,8820.236328125,4007.80810546875,5194.87255859375,4392.6474609375,1584.9342041015625
2024-05-17 00:00:00+07:00,8958.0517578125,4074.05224609375,5378.94287109375,4371.529296875,1568.206787109375
2024-05-20 00:00:00+07:00,8705.388671875,3991.246337890625,5174.42041015625,4206.80517578125,1555.6610107421875
2024-05-21 00:00:00+07:00,8613.51171875,3875.318115234375,4928.99267578125,4029.409423828125,1526.387939453125
2024-05-22 00:00:00+07:00,8659.451171875,3908.440673828125,4949.4453125,4020.962158203125,1538.93359375
2024-05-27 00:00:00+07:00,8544.6025390625,3767.670654296875,4765.375,3944.935546875,1526.387939453125
2024-05-28 00:00:00+07:00,8544.6025390625,3751.10888671875,4867.63671875,3978.725341796875,1530.5697021484375
2024-05-29 00:00:00+07:00,8406.787109375,3651.742431640625,4744.92333984375,3826.672119140625,1488.7509765625
2024-05-30 00:00:00+07:00,8268.970703125,3626.900390625,4806.279296875,3792.88232421875,1463.6595458984375
2024-05-31 00:00:00+07:00,8498.6640625,3593.7783203125,4826.73193359375,3716.855712890625,1421.8406982421875
2024-06-03 00:00:00+07:00,8521.6337890625,3751.10888671875,4990.35009765625,3902.698486328125,1463.6595458984375
2024-06-04 00:00:00+07:00,8590.5419921875,3684.864501953125,5031.25439453125,3919.59326171875,1459.477783203125
2024-06-05 00:00:00+07:00,8682.419921875,3643.46142578125,4908.54150390625,3894.2509765625,1446.93212890625
2024-06-06 00:00:00+07:00,8705.388671875,3726.267333984375,5051.70703125,4029.409423828125,1455.2957763671875
2024-06-07 00:00:00+07:00,8567.5732421875,3602.058837890625,5133.515625,3970.27783203125,1455.2957763671875
2024-06-10 00:00:00+07:00,8751.3271484375,3643.46142578125,5133.515625,3894.2509765625,1438.568359375
2024-06-11 00:00:00+07:00,8544.6025390625,3593.7783203125,5010.80224609375,3784.43505859375,1413.4769287109375
2024-06-12 00:00:00+07:00,8498.6640625,3602.058837890625,4847.18408203125,3742.197998046875,1405.1131591796875
2024-06-13 00:00:00+07:00,8452.7255859375,3568.936279296875,4806.279296875,3784.43505859375,1388.3857421875
2024-06-14 00:00:00+07:00,8452.7255859375,3461.28857421875,4704.0185546875,3640.8291015625,1375.840087890625
2024-06-19 00:00:00+07:00,8314.9091796875,3395.043701171875,4704.0185546875,3632.381591796875,1367.476318359375
2024-06-20 00:00:00+07:00,8659.451171875,3535.81396484375,4867.63671875,3716.855712890625,1392.5675048828125
2024-06-21 00:00:00+07:00,8820.236328125,3676.583984375,5010.80224609375,3835.11962890625,1430.20458984375
2024-06-24 00:00:00+07:00,8820.236328125,3643.46142578125,4908.54150390625,3835.11962890625,1421.8406982421875
2024-06-25 00:00:00+07:00,8820.236328125,3626.900390625,4847.18408203125,3784.43505859375,1421.8406982421875
2024-06-26 00:00:00+07:00,8728.3583984375,3618.619873046875,4785.82763671875,3733.750732421875,1426.022705078125
2024-06-27 00:00:00+07:00,8958.0517578125,3693.14501953125,4908.54150390625,3868.90869140625,1434.3863525390625
2024-06-28 00:00:00+07:00,9118.837890625,3809.072998046875,5031.25439453125,3936.48828125,1472.0233154296875
2024-07-01 00:00:00+07:00,9072.8984375,3833.91552734375,5113.0634765625,3978.725341796875,1472.0233154296875
2024-07-02 00:00:00+07:00,9095.8681640625,3784.2314453125,5072.1591796875,3978.725341796875,1455.2957763671875
2024-07-03 00:00:00+07:00,9187.7470703125,3809.072998046875,5092.611328125,3928.040771484375,1472.0233154296875
2024-07-04 00:00:00+07:00,9026.958984375,3966.405029296875,5113.0634765625,3978.725341796875,1480.38720703125
2024-07-05 00:00:00+07:00,9141.8076171875,3974.685546875,5256.22900390625,3970.27783203125,1497.11474609375
2024-07-08 00:00:00+07:00,9233.68359375,3933.282470703125,5092.611328125,3944.935546875,1497.11474609375
2024-07-09 00:00:00+07:00,9256.6533203125,4032.64990234375,5215.3251953125,4105.4365234375,1509.660400390625
2024-07-10 00:00:00+07:00,9279.623046875,4016.087890625,5215.3251953125,4071.646728515625,1497.11474609375
2024-07-11 00:00:00+07:00,9256.6533203125,4007.80810546875,5235.77734375,4113.88330078125,1497.11474609375
2024-07-12 00:00:00+07:00,9256.6533203125,4057.4912109375,5256.22900390625,4244.81787109375,1513.8421630859375
2024-07-15 00:00:00+07:00,9233.68359375,3991.246337890625,5194.87255859375,4244.81787109375,1501.2965087890625
2024-07-16 00:00:00+07:00,9141.8076171875,3916.721435546875,5194.87255859375,4206.80517578125,1492.9327392578125
2024-07-17 00:00:00+07:00,9003.9912109375,3941.563232421875,5276.68115234375,4223.69970703125,1488.7509765625
2024-07-18 00:00:00+07:00,9279.623046875,4049.21044921875,5358.49072265625,4287.05517578125,1501.2965087890625
2024-07-19 00:00:00+07:00,9302.591796875,4057.4912109375,5338.03857421875,4308.173828125,1509.660400390625
2024-07-22 00:00:00+07:00,9279.623046875,4065.7724609375,5481.2041015625,4308.173828125,1513.8421630859375
2024-07-23 00:00:00+07:00,9348.53125,3966.405029296875,5419.84716796875,4265.9365234375,1505.4783935546875
2024-07-24 00:00:00+07:00,9256.6533203125,3958.123779296875,5297.1337890625,4308.173828125,1497.11474609375
2024-07-25 00:00:00+07:00,9463.37890625,3891.879638671875,5378.94287109375,4244.81787109375,1488.7509765625
2024-07-26 00:00:00+07:00,9486.3486328125,3941.563232421875,5358.49072265625,4223.69970703125,1484.5689697265625
2024-07-29 00:00:00+07:00,9417.439453125,3958.123779296875,5297.1337890625,4244.81787109375,1492.9327392578125
2024-07-30 00:00:00+07:00,9348.53125,3867.037353515625,5297.1337890625,4181.462890625,1547.29736328125
2024-07-31 00:00:00+07:00,9440.4091796875,3867.037353515625,5235.77734375,4198.357421875,1538.93359375
2024-08-01 00:00:00+07:00,9532.287109375,3933.282470703125,5522.10888671875,4287.05517578125,1538.93359375
2024-08-02 00:00:00+07:00,9371.5009765625,3900.159912109375,5563.01318359375,4308.173828125,1547.29736328125
2024-08-05 00:00:00+07:00,9072.8984375,3751.10888671875,5378.94287109375,4189.91015625,1476.205322265625
2024-08-06 00:00:00+07:00,9187.7470703125,3809.072998046875,5419.84716796875,4244.81787109375,1497.11474609375
2024-08-07 00:00:00+07:00,9279.623046875,3825.634765625,5542.56103515625,4223.69970703125,1488.7509765625
2024-08-08 00:00:00+07:00,9394.470703125,3858.75732421875,5563.01318359375,4244.81787109375,1480.38720703125
2024-08-09 00:00:00+07:00,9325.5625,3867.037353515625,5603.91748046875,4329.29248046875,1492.9327392578125
2024-08-12 00:00:00+07:00,9371.5009765625,3875.318115234375,5644.822265625,4329.29248046875,1488.7509765625
2024-08-13 00:00:00+07:00,9463.37890625,3908.440673828125,5726.630859375,4371.529296875,1497.11474609375
2024-08-14 00:00:00+07:00,9371.5009765625,3991.246337890625,5787.98828125,4456.00341796875,1522.2059326171875
2024-08-15 00:00:00+07:00,9394.470703125,3999.52734375,5747.08349609375,4434.884765625,1505.4783935546875
2024-08-16 00:00:00+07:00,9486.3486328125,3999.52734375,5787.98828125,4477.1220703125,1513.8421630859375
2024-08-19 00:00:00+07:00,9532.287109375,3991.246337890625,5849.3447265625,4519.3583984375,1518.024169921875
2024-08-20 00:00:00+07:00,9578.224609375,4098.89453125,5890.2490234375,4624.951171875,1534.7515869140625
2024-08-21 00:00:00+07:00,9578.224609375,4223.10302734375,5931.1533203125,4603.8330078125,1580.7523193359375
2024-08-22 00:00:00+07:00,9486.3486328125,4181.70068359375,5767.53564453125,4456.00341796875,1559.843017578125
2024-08-23 00:00:00+07:00,9486.3486328125,4264.50634765625,5767.53564453125,4603.8330078125,1584.9342041015625
2024-08-26 00:00:00+07:00,9486.3486328125,4388.71533203125,5767.53564453125,4667.18798828125,1597.47998046875
2024-08-27 00:00:00+07:00,9371.5009765625,4285.20751953125,5747.08349609375,4561.595703125,1589.1162109375
2024-08-28 00:00:00+07:00,9509.31640625,4264.50634765625,5910.701171875,4540.47705078125,1589.1162109375
2024-08-29 00:00:00+07:00,9394.470703125,4243.8046875,5808.43994140625,4477.1220703125,1568.206787109375
2024-08-30 00:00:00+07:00,9486.3486328125,4264.50634765625,5828.892578125,4519.3583984375,1572.3885498046875
2024-09-02 00:00:00+07:00,9440.4091796875,4285.20751953125,5890.2490234375,4519.3583984375,1589.1162109375
2024-09-03 00:00:00+07:00,9348.53125,4285.20751953125,5787.98828125,4540.47705078125,1576.570556640625
2024-09-04 00:00:00+07:00,9463.37890625,4223.10302734375,5869.79736328125,4519.3583984375,1564.0247802734375
2024-09-05 00:00:00+07:00,9417.439453125,4264.50634765625,5869.79736328125,4603.8330078125,1589.1162109375
2024-09-06 00:00:00+07:00,9463.37890625,4326.61083984375,5931.1533203125,4772.7802734375,1584.9342041015625
2024-09-09 00:00:00+07:00,9440.4091796875,4285.20751953125,5931.1533203125,4836.13623046875,1580.7523193359375
2024-09-10 00:00:00+07:00,9509.31640625,4347.3125,5931.1533203125,4815.017578125,1630.9349365234375
2024-09-11 00:00:00+07:00,9578.224609375,4285.20751953125,6033.4150390625,4772.7802734375,1630.9349365234375
2024-09-12 00:00:00+07:00,9624.1640625,4285.20751953125,5972.05810546875,4730.5439453125,1635.1168212890625
2024-09-13 00:00:00+07:00,9578.224609375,4388.71533203125,5951.60595703125,4751.66259765625,1622.5711669921875
2024-09-17 00:00:00+07:00,9647.1328125,4388.71533203125,6074.3193359375,4772.7802734375,1614.2073974609375
2024-09-18 00:00:00+07:00,9761.9794921875,4430.1181640625,6053.8671875,4815.017578125,1660.2081298828125
2024-09-19 00:00:00+07:00,10014.642578125,4471.5205078125,6053.8671875,4920.60986328125,1668.572021484375
2024-09-20 00:00:00+07:00,9899.796875,4450.8193359375,5972.05810546875,4857.2548828125,1660.2081298828125
2024-09-23 00:00:00+07:00,10060.5810546875,4554.3271484375,6094.77197265625,4899.49169921875,1664.3900146484375
2024-09-24 00:00:00+07:00,9922.7646484375,4575.0283203125,6074.3193359375,4899.49169921875,1668.572021484375
2024-09-25 00:00:00+07:00,9968.7041015625,4409.41650390625,5890.2490234375,4730.5439453125,1618.389404296875
2024-09-26 00:00:00+07:00,9830.8876953125,4181.70068359375,5869.79736328125,4730.5439453125,1614.2073974609375
2024-09-27 00:00:00+07:00,9784.9482421875,4223.10302734375,5767.53564453125,4603.8330078125,1601.6617431640625
2024-09-30 00:00:00+07:00,9486.3486328125,4098.89453125,5665.2744140625,4519.3583984375,1572.3885498046875
2024-10-01 00:00:00+07:00,9693.072265625,4202.40185546875,5767.53564453125,4540.47705078125,1576.570556640625
2024-10-02 00:00:00+07:00,9647.1328125,4090.61376953125,5706.1787109375,4519.3583984375,1564.0247802734375
2024-10-03 00:00:00+07:00,9601.1943359375,4074.05224609375,5767.53564453125,4540.47705078125,1559.843017578125
2024-10-04 00:00:00+07:00,9624.1640625,4024.36865234375,5685.7265625,4498.240234375,1547.29736328125
2024-10-07 00:00:00+07:00,9463.37890625,3991.246337890625,5624.36962890625,4392.6474609375,1530.5697021484375
2024-10-08 00:00:00+07:00,9555.2548828125,4140.29736328125,5787.98828125,4519.3583984375,1564.0247802734375
2024-10-09 00:00:00+07:00,9578.224609375,4082.3330078125,5685.7265625,4498.240234375,1576.570556640625
2024-10-10 00:00:00+07:00,9647.1328125,4024.36865234375,5685.7265625,4498.240234375,1564.0247802734375
2024-10-11 00:00:00+07:00,9532.287109375,4057.4912109375,5685.7265625,4540.47705078125,1568.206787109375
2024-10-14 00:00:00+07:00,9647.1328125,4057.4912109375,5665.2744140625,4582.71435546875,1559.843017578125
2024-10-15 00:00:00+07:00,9761.9794921875,4074.05224609375,5767.53564453125,4646.0693359375,1580.7523193359375
2024-10-16 00:00:00+07:00,9624.1640625,4098.89453125,5726.630859375,4624.951171875,1618.389404296875
2024-10-17 00:00:00+07:00,9853.857421875,4123.736328125,5910.701171875,4646.0693359375,1597.47998046875
2024-10-18 00:00:00+07:00,9876.826171875,4115.45556640625,5869.79736328125,4772.7802734375,1597.47998046875
2024-10-21 00:00:00+07:00,9807.9189453125,4132.01611328125,5890.2490234375,4751.66259765625,1593.2979736328125
2024-10-22 00:00:00+07:00,9647.1328125,4057.4912109375,5787.98828125,4772.7802734375,1597.47998046875
2024-10-23 00:00:00+07:00,9784.9482421875,4024.36865234375,5787.98828125,4793.89892578125,1593.2979736328125
2024-10-24 00:00:00+07:00,9830.8876953125,3991.246337890625,5706.1787109375,4751.66259765625,1601.6617431640625
2024-10-25 00:00:00+07:00,9876.826171875,3949.843994140625,5767.53564453125,4772.7802734375,1584.9342041015625
2024-10-28 00:00:00+07:00,9739.0107421875,3941.563232421875,5583.46484375,4646.0693359375,1572.3885498046875
2024-10-29 00:00:00+07:00,9647.1328125,3891.879638671875,5583.46484375,4477.1220703125,1551.4791259765625
2024-10-30 00:00:00+07:00,9509.31640625,3900.159912109375,5522.10888671875,4413.76611328125,1564.0247802734375
2024-10-31 00:00:00+07:00,9417.439453125,3974.685546875,5481.2041015625,4434.884765625,1564.0247802734375
2024-11-01 00:00:00+07:00,9578.224609375,3891.879638671875,5440.2998046875,4392.6474609375,1526.387939453125
2024-11-04 00:00:00+07:00,9532.287109375,3908.440673828125,5522.10888671875,4477.1220703125,1551.4791259765625
2024-11-05 00:00:00+07:00,9647.1328125,3900.159912109375,5665.2744140625,4561.595703125,1538.93359375
2024-11-06 00:00:00+07:00,9601.1943359375,3809.072998046875,5358.49072265625,4329.29248046875,1518.024169921875
2024-11-07 00:00:00+07:00,9348.53125,3767.670654296875,5256.22900390625,4244.81787109375,1509.660400390625
2024-11-08 00:00:00+07:00,9256.6533203125,3742.828857421875,5174.42041015625,4206.80517578125,1497.11474609375
2024-11-11 00:00:00+07:00,9233.68359375,3693.14501953125,5194.87255859375,4215.25244140625,1497.11474609375
2024-11-12 00:00:00+07:00,9325.5625,3726.267333984375,5215.3251953125,4164.56787109375,1492.9327392578125
2024-11-13 00:00:00+07:00,9325.5625,3792.51220703125,5256.22900390625,4189.91015625,1501.2965087890625
2024-11-14 00:00:00+07:00,9279.623046875,3726.267333984375,5215.3251953125,4181.462890625,1488.7509765625
2024-11-15 00:00:00+07:00,9348.53125,3701.425537109375,5194.87255859375,4147.6728515625,1492.9327392578125
2024-11-18 00:00:00+07:00,9187.7470703125,3602.058837890625,5174.42041015625,4113.88330078125,1480.38720703125
2024-11-19 00:00:00+07:00,9118.837890625,3610.339111328125,5113.0634765625,4096.98876953125,1480.38720703125
2024-11-20 00:00:00+07:00,9256.6533203125,3585.497314453125,5092.611328125,4096.98876953125,1480.38720703125
2024-11-21 00:00:00+07:00,9095.06640625,3519.25244140625,5031.25439453125,3987.17236328125,1455.2957763671875
2024-11-22 00:00:00+07:00,9095.06640625,3643.46142578125,5113.0634765625,4088.54150390625,1476.205322265625
2024-11-25 00:00:00+07:00,9395.158203125,3701.425537109375,5378.94287109375,4215.25244140625,1497.11474609375
2024-11-26 00:00:00+07:00,9233.5712890625,3643.46142578125,5235.77734375,4181.462890625,1480.38720703125
2024-11-28 00:00:00+07:00,9233.5712890625,3585.497314453125,5276.68115234375,4244.81787109375,1476.205322265625
2024-11-29 00:00:00+07:00,9233.5712890625,3519.25244140625,5031.25439453125,4206.80517578125,1467.841552734375
2024-12-02 00:00:00+07:00,9002.73046875,3453.007568359375,4908.54150390625,3978.725341796875,1451.1138916015625
2024-12-03 00:00:00+07:00,9418.2421875,3510.97216796875,5133.515625,4037.85693359375,1459.477783203125
2024-12-04 00:00:00+07:00,9418.2421875,3602.058837890625,5215.3251953125,4181.462890625,1472.0233154296875
2024-12-05 00:00:00+07:00,9464.4091796875,3527.533203125,5031.25439453125,4071.646728515625,1484.5689697265625
2024-12-06 00:00:00+07:00,9302.822265625,3568.936279296875,5092.611328125,4105.4365234375,1488.7509765625
2024-12-09 00:00:00+07:00,9556.7451171875,3635.180908203125,5215.3251953125,4223.69970703125,1522.2059326171875
2024-12-10 00:00:00+07:00,9556.7451171875,3610.339111328125,5153.9677734375,4308.173828125,1505.4783935546875
2024-12-11 00:00:00+07:00,9625.99609375,3626.900390625,5153.9677734375,4287.05517578125,1492.9327392578125
2024-12-12 00:00:00+07:00,9395.158203125,3527.533203125,5010.80224609375,4122.33056640625,1492.9327392578125
2024-12-13 00:00:00+07:00,9279.7373046875,3453.007568359375,4928.99267578125,3995.619873046875,1480.38720703125
2024-12-16 00:00:00+07:00,9325.90625,3519.25244140625,4969.8974609375,3919.59326171875,1472.0233154296875
2024-12-17 00:00:00+07:00,9141.234375,3436.446533203125,4867.63671875,3775.987548828125,1455.2957763671875
2024-12-18 00:00:00+07:00,9048.8994140625,3436.446533203125,4765.375,3742.197998046875,1451.1138916015625
2024-12-19 00:00:00+07:00,8933.478515625,3386.76318359375,4642.66162109375,3640.8291015625,1396.74951171875
2024-12-20 00:00:00+07:00,8910.39453125,3361.92138671875,4642.66162109375,3598.59228515625,1405.1131591796875
2024-12-23 00:00:00+07:00,9025.8154296875,3486.130126953125,4765.375,3699.9609375,1426.022705078125
2024-12-24 00:00:00+07:00,9002.73046875,3477.849853515625,4704.0185546875,3699.9609375,1430.20458984375
2024-12-27 00:00:00+07:00,9048.8994140625,3507.79443359375,4744.92333984375,3683.066162109375,1442.7501220703125
2024-12-30 00:00:00+07:00,8933.478515625,3490.68310546875,4663.1142578125,3674.618896484375,1446.93212890625
2025-01-02 00:00:00+07:00,9141.234375,3601.90576171875,4785.82763671875,3877.356201171875,1484.5689697265625
2025-01-03 00:00:00+07:00,9095.06640625,3550.572265625,4744.92333984375,3835.11962890625,1480.38720703125
2025-01-06 00:00:00+07:00,8933.478515625,3507.79443359375,4642.66162109375,3742.197998046875,1455.2957763671875
2025-01-07 00:00:00+07:00,8794.9755859375,3447.905029296875,4581.3046875,3683.066162109375,1455.2957763671875
2025-01-08 00:00:00+07:00,8933.478515625,3490.68310546875,4704.0185546875,3691.513427734375,1442.7501220703125
2025-01-09 00:00:00+07:00,9095.06640625,3447.905029296875,4704.0185546875,3699.9609375,1459.477783203125
2025-01-10 00:00:00+07:00,8979.6474609375,3430.794189453125,4581.3046875,3674.618896484375,1446.93212890625
2025-01-13 00:00:00+07:00,8933.478515625,3293.904541015625,4519.9482421875,3556.355224609375,1430.20458984375
2025-01-14 00:00:00+07:00,8794.9755859375,3251.12646484375,4417.68701171875,3488.776123046875,1426.022705078125
2025-01-15 00:00:00+07:00,9048.8994140625,3499.23876953125,4704.0185546875,3725.30322265625,1446.93212890625
2025-01-16 00:00:00+07:00,9002.73046875,3559.1279296875,4806.279296875,3801.329833984375,1463.6595458984375
2025-01-17 00:00:00+07:00,9141.234375,3499.23876953125,4806.279296875,3775.987548828125,1472.0233154296875
2025-01-20 00:00:00+07:00,8887.3115234375,3610.461669921875,4908.54150390625,3902.698486328125,1459.477783203125
2025-01-21 00:00:00+07:00,8841.1435546875,3644.683837890625,4949.4453125,4004.067138671875,1472.0233154296875
2025-01-22 00:00:00+07:00,8864.2275390625,3644.683837890625,5031.25439453125,4046.304443359375,1455.2957763671875
2025-01-23 00:00:00+07:00,8864.2275390625,3678.90625,5051.70703125,3928.040771484375,1459.477783203125
2025-01-24 00:00:00+07:00,8633.3876953125,3584.794921875,5010.80224609375,3894.2509765625,1451.1138916015625
2025-01-30 00:00:00+07:00,8448.716796875,3524.905517578125,4990.35009765625,3919.59326171875,1442.7501220703125
2025-01-31 00:00:00+07:00,8725.72265625,3610.461669921875,4928.99267578125,4029.409423828125,1451.1138916015625
2025-02-03 00:00:00+07:00,8633.3876953125,3636.12841796875,4744.92333984375,4037.85693359375,1451.1138916015625
2025-02-04 00:00:00+07:00,8471.80078125,3644.683837890625,4642.66162109375,3970.27783203125,1442.7501220703125
2025-02-05 00:00:00+07:00,8425.6328125,3542.0166015625,4519.9482421875,3801.329833984375,1442.7501220703125
2025-02-06 00:00:00+07:00,8264.0458984375,3396.571533203125,4172.259765625,3623.934326171875,1409.295166015625
2025-02-07 00:00:00+07:00,8633.3876953125,3447.905029296875,4213.16455078125,3607.03955078125,1434.3863525390625
2025-02-10 00:00:00+07:00,8448.716796875,3396.571533203125,4090.450927734375,3505.670654296875,1400.9312744140625
2025-02-11 00:00:00+07:00,8379.4638671875,3430.794189453125,3992.280029296875,3438.091552734375,1405.1131591796875
2025-02-12 00:00:00+07:00,8448.716796875,3447.905029296875,4041.365478515625,3632.381591796875,1413.4769287109375
2025-02-13 00:00:00+07:00,8310.212890625,3413.682861328125,4110.90283203125,3590.144775390625,1413.4769287109375
2025-02-14 00:00:00+07:00,8287.12890625,3302.460205078125,4192.7119140625,3691.513427734375,1426.022705078125
2025-02-17 00:00:00+07:00,8610.3046875,3447.905029296875,4438.13916015625,3860.46142578125,1438.568359375
2025-02-18 00:00:00+07:00,8587.2197265625,3550.572265625,4458.59130859375,4012.5146484375,1434.3863525390625
2025-02-19 00:00:00+07:00,8264.0458984375,3439.349365234375,4233.61669921875,3818.224609375,1417.658935546875
2025-02-20 00:00:00+07:00,8310.212890625,3345.238037109375,4213.16455078125,3767.5400390625,1438.568359375
2025-02-21 00:00:00+07:00,8310.212890625,3328.126708984375,4151.80712890625,3632.381591796875,1442.7501220703125
2025-02-24 00:00:00+07:00,8240.9609375,3353.793701171875,4110.90283203125,3547.907958984375,1417.658935546875
2025-02-25 00:00:00+07:00,8148.6259765625,3251.12646484375,3984.098876953125,3573.25,1400.9312744140625
2025-02-26 00:00:00+07:00,8102.45751953125,3268.237548828125,4025.003662109375,3674.618896484375,1392.5675048828125
2025-02-27 00:00:00+07:00,7871.6181640625,3105.681396484375,3812.300048828125,3666.17138671875,1371.6580810546875
2025-02-28 00:00:00+07:00,7779.28271484375,2874.68017578125,3763.21484375,3404.302001953125,1350.748779296875
2025-03-03 00:00:00+07:00,8125.54150390625,3139.90380859375,4008.641845703125,3598.59228515625,1388.3857421875
2025-03-04 00:00:00+07:00,8171.70849609375,3139.90380859375,3959.556396484375,3564.802490234375,1359.112548828125
2025-03-05 00:00:00+07:00,8310.212890625,3285.3486328125,3975.918212890625,3767.5400390625,1384.2037353515625
2025-03-06 00:00:00+07:00,8287.12890625,3379.46044921875,3984.098876953125,3877.356201171875,1392.5675048828125
2025-03-07 00:00:00+07:00,8240.9609375,3259.68212890625,3959.556396484375,3835.11962890625,1400.9312744140625
2025-03-10 00:00:00+07:00,8240.9609375,3216.904052734375,3853.204833984375,3759.0927734375,1388.3857421875
2025-03-11 00:00:00+07:00,8240.9609375,3242.57080078125,3877.747314453125,3759.0927734375,1392.5675048828125
2025-03-12 00:00:00+07:00,8425.6328125,3328.126708984375,3992.280029296875,3826.672119140625,1409.295166015625
2025-03-13 00:00:00+07:00,8287.12890625,3251.12646484375,3877.747314453125,3826.672119140625,1392.5675048828125
2025-03-14 00:00:00+07:00,8079.37353515625,3208.348388671875,3877.747314453125,3742.197998046875,1384.2037353515625
2025-03-17 00:00:00+07:00,7940.87060546875,3276.79345703125,3828.661865234375,3657.723876953125,1392.5675048828125
2025-03-18 00:00:00+07:00,7663.86328125,3148.45947265625,3705.9482421875,3539.46044921875,1363.2943115234375
2025-03-19 00:00:00+07:00,7686.94677734375,3174.1259765625,3828.661865234375,3522.565673828125,1363.2943115234375
2025-03-20 00:00:00+07:00,7733.11474609375,3131.347900390625,3779.57666015625,3446.5390625,1359.112548828125
2025-03-21 00:00:00+07:00,7518.96728515625,3165.570556640625,3607.777587890625,3184.669677734375,1371.6580810546875
2025-03-24 00:00:00+07:00,7566.55517578125,3088.570068359375,3648.68212890625,3142.4326171875,1354.9305419921875
2025-03-25 00:00:00+07:00,7661.732421875,3251.12646484375,3877.747314453125,3294.48583984375,1384.2037353515625
2025-03-26 00:00:00+07:00,8113.82177734375,3422.23828125,4213.16455078125,3590.144775390625,1405.1131591796875
2025-03-27 00:00:00+07:00,8090.02783203125,3465.01611328125,4254.06884765625,3581.697265625,1417.658935546875
2025-04-08 00:00:00+07:00,7399.99609375,3114.23681640625,3820.481201171875,3404.302001953125,1338.203125
2025-04-09 00:00:00+07:00,7542.76123046875,3105.681396484375,3853.204833984375,3412.74951171875,1363.2943115234375
2025-04-10 00:00:00+07:00,7828.2919921875,3251.12646484375,4110.90283203125,3598.59228515625,1413.4769287109375
2025-04-11 00:00:00+07:00,7875.8798828125,3285.88623046875,4172.259765625,3708.408447265625,1455.2957763671875
2025-04-14 00:00:00+07:00,7994.85107421875,3340.1982421875,4276.87158203125,3843.56689453125,1492.9327392578125
2025-04-15 00:00:00+07:00,8161.41064453125,3340.1982421875,4240.85595703125,3939.342041015625,1526.387939453125
2025-04-16 00:00:00+07:00,8066.2333984375,3303.990478515625,4168.82421875,3773.668701171875,1513.8421630859375
2025-04-17 00:00:00+07:00,8090.02783203125,3294.938232421875,4141.81298828125,3718.4443359375,1518.024169921875
2025-04-21 00:00:00+07:00,7899.673828125,3276.834228515625,4150.81640625,3672.423828125,1522.2059326171875
2025-04-22 00:00:00+07:00,8090.02783203125,3285.88623046875,4249.85986328125,3690.83203125,1526.387939453125
2025-04-23 00:00:00+07:00,8304.17578125,3403.562744140625,4411.9306640625,3819.68896484375,1551.4791259765625
2025-04-24 00:00:00+07:00,8066.2333984375,3376.406494140625,4402.9267578125,3838.09716796875,1579.5364990234375
2025-04-25 00:00:00+07:00,8185.20458984375,3385.458740234375,4411.9306640625,3865.70947265625,1584.1015625
2025-04-28 00:00:00+07:00,8351.763671875,3475.978759765625,4429.9384765625,3856.50537109375,1579.5364990234375
2025-04-29 00:00:00+07:00,8304.17578125,3485.031005859375,4447.9462890625,3810.48486328125,1616.0576171875
2025-04-30 00:00:00+07:00,8399.3525390625,3485.031005859375,4402.9267578125,3847.30126953125,1597.7969970703125
2025-05-02 00:00:00+07:00,8542.1171875,3512.18701171875,4465.95458984375,3865.70947265625,1588.666748046875
2025-05-05 00:00:00+07:00,8542.1171875,3494.0830078125,4483.96240234375,3874.91357421875,1588.666748046875
2025-05-06 00:00:00+07:00,8589.7060546875,3512.18701171875,4483.96240234375,3847.30126953125,1579.5364990234375
2025-05-07 00:00:00+07:00,8637.2939453125,3539.343017578125,4456.95068359375,3828.89306640625,1579.5364990234375
2025-05-08 00:00:00+07:00,8542.1171875,3430.71875,4312.88720703125,3792.076904296875,1565.841064453125
2025-05-09 00:00:00+07:00,8565.9111328125,3475.978759765625,4294.87939453125,3773.668701171875,1561.2760009765625
2025-05-14 00:00:00+07:00,8827.6474609375,3702.279541015625,4546.98974609375,4022.178466796875,1643.4483642578125
2025-05-15 00:00:00+07:00,8827.6474609375,3865.216064453125,4794.5986328125,4141.83154296875,1643.4483642578125
2025-05-16 00:00:00+07:00,8851.44140625,3847.112060546875,4929.6572265625,4141.83154296875,1652.57861328125
2025-05-19 00:00:00+07:00,9041.7958984375,3829.0078125,4974.67724609375,4105.01513671875,1648.0135498046875
2025-05-20 00:00:00+07:00,9018.001953125,3810.90380859375,4862.1279296875,4095.81103515625,1643.4483642578125
2025-05-21 00:00:00+07:00,9232.1494140625,3856.1640625,4907.1474609375,4160.23974609375,1661.7088623046875
2025-05-22 00:00:00+07:00,9184.560546875,3892.3720703125,4907.1474609375,4114.21923828125,1652.57861328125
2025-05-23 00:00:00+07:00,9208.3544921875,3937.63232421875,4884.6376953125,4151.03564453125,1648.0135498046875
2025-05-26 00:00:00+07:00,9160.767578125,3910.47607421875,4929.6572265625,4141.83154296875,1634.318115234375
2025-05-27 00:00:00+07:00,8994.20703125,3955.736328125,4862.1279296875,4169.44384765625,1629.7529296875
2025-05-28 00:00:00+07:00,8946.619140625,4028.152587890625,4772.08837890625,4132.62744140625,1625.1878662109375
2025-06-02 00:00:00+07:00,8661.0888671875,3801.851806640625,4569.49951171875,4022.178466796875,1584.1015625
2025-06-03 00:00:00+07:00,8613.5,3801.851806640625,4546.98974609375,4022.178466796875,1570.40625
2025-06-04 00:00:00+07:00,8542.1171875,3693.2275390625,4524.47998046875,3957.75,1579.5364990234375
2025-06-05 00:00:00+07:00,8494.5283203125,3711.331787109375,4569.49951171875,4068.198974609375,1565.841064453125
2025-06-10 00:00:00+07:00,8661.0888671875,3756.591796875,4727.06884765625,4160.23974609375,1574.9713134765625
2025-06-11 00:00:00+07:00,8613.5,3684.175537109375,4682.048828125,4178.64794921875,1579.5364990234375
2025-06-12 00:00:00+07:00,8684.8828125,3684.175537109375,4659.5390625,4178.64794921875,1584.1015625
2025-06-13 00:00:00+07:00,8589.7060546875,3620.811279296875,4637.029296875,4178.64794921875,1579.5364990234375
2025-06-16 00:00:00+07:00,8494.5283203125,3611.75927734375,4637.029296875,4049.790771484375,1574.9713134765625
2025-06-17 00:00:00+07:00,8637.2939453125,3584.60302734375,4592.00927734375,4012.974609375,1570.40625
2025-06-18 00:00:00+07:00,8470.7353515625,3566.4990234375,4569.49951171875,3957.75,1556.7108154296875
2025-06-19 00:00:00+07:00,8351.763671875,3439.770751953125,4474.9580078125,3801.281005859375,1533.8851318359375
2025-06-20 00:00:00+07:00,8280.3818359375,3430.71875,4438.94287109375,3782.872802734375,1529.3199462890625
2025-06-23 00:00:00+07:00,8208.9990234375,3367.3544921875,4429.9384765625,3736.852294921875,1506.494384765625
2025-06-24 00:00:00+07:00,8351.763671875,3421.66650390625,4524.47998046875,3810.48486328125,1524.7548828125
2025-06-25 00:00:00+07:00,8185.20458984375,3403.562744140625,4393.9228515625,3782.872802734375,1520.189697265625
2025-06-26 00:00:00+07:00,8232.79296875,3466.927001953125,4524.47998046875,3792.076904296875,1524.7548828125
2025-06-30 00:00:00+07:00,8256.5869140625,3385.458740234375,4393.9228515625,3792.076904296875,1520.189697265625
2025-07-01 00:00:00+07:00,8280.3818359375,3349.25048828125,4276.87158203125,3690.83203125,1524.7548828125
2025-07-02 00:00:00+07:00,8256.5869140625,3331.146484375,4294.87939453125,3700.0361328125,1524.7548828125
2025-07-03 00:00:00+07:00,8185.20458984375,3331.146484375,4267.86767578125,3654.015869140625,1529.3199462890625
2025-07-04 00:00:00+07:00,8232.79296875,3322.094482421875,4267.86767578125,3681.6279296875,1520.189697265625
2025-07-07 00:00:00+07:00,8208.9990234375,3349.25048828125,4267.86767578125,3681.6279296875,1529.3199462890625
2025-07-08 00:00:00+07:00,8090.02783203125,3322.094482421875,4249.85986328125,3654.015869140625,1529.3199462890625
2025-07-09 00:00:00+07:00,8090.02783203125,3331.146484375,4240.85595703125,3681.6279296875,1552.1456298828125
2025-07-10 00:00:00+07:00,8185.20458984375,3503.134765625,4339.8994140625,3782.872802734375,1556.7108154296875
2025-07-11 00:00:00+07:00,8208.9990234375,3512.18701171875,4474.9580078125,3847.30126953125,1565.841064453125
2025-07-14 00:00:00+07:00,8113.82177734375,3421.66650390625,4222.84814453125,3718.4443359375,1552.1456298828125
2025-07-15 00:00:00+07:00,8137.6162109375,3512.18701171875,4231.85205078125,3727.6484375,1552.1456298828125
2025-07-16 00:00:00+07:00,8113.82177734375,3512.18701171875,4222.84814453125,3801.281005859375,1565.841064453125
2025-07-17 00:00:00+07:00,8113.82177734375,3521.239013671875,4249.85986328125,3782.872802734375,1565.841064453125
2025-07-18 00:00:00+07:00,8018.6455078125,3494.0830078125,4267.86767578125,3792.076904296875,1565.841064453125
2025-07-21 00:00:00+07:00,8042.43896484375,3466.927001953125,4213.84423828125,3746.056396484375,1561.2760009765625
2025-07-22 00:00:00+07:00,7994.85107421875,3475.978759765625,4195.8359375,3727.6484375,1552.1456298828125
2025-07-23 00:00:00+07:00,8018.6455078125,3439.770751953125,4213.84423828125,3773.668701171875,1556.7108154296875
2025-07-24 00:00:00+07:00,8090.02783203125,3575.55126953125,4321.8916015625,3884.117431640625,1588.666748046875
2025-07-25 00:00:00+07:00,8042.43896484375,3512.18701171875,4222.84814453125,3764.464599609375,1574.9713134765625
2025-07-28 00:00:00+07:00,8090.02783203125,3566.4990234375,4231.85205078125,3874.91357421875,1574.9713134765625
2025-07-29 00:00:00+07:00,7994.85107421875,3548.395263671875,4240.85595703125,3819.68896484375,1574.9713134765625
2025-07-30 00:00:00+07:00,7971.056640625,3421.66650390625,4159.8203125,3792.076904296875,1556.7108154296875
2025-07-31 00:00:00+07:00,7875.8798828125,3358.302490234375,4060.77685546875,3690.83203125,1556.7108154296875
2025-08-01 00:00:00+07:00,7899.673828125,3385.458740234375,4078.784912109375,3690.83203125,1552.1456298828125
2025-08-04 00:00:00+07:00,7875.8798828125,3358.302490234375,4159.8203125,3690.83203125,1547.58056640625
2025-08-05 00:00:00+07:00,8018.6455078125,3385.458740234375,4276.87158203125,3884.117431640625,1552.1456298828125
2025-08-06 00:00:00+07:00,7899.673828125,3358.302490234375,4231.85205078125,3773.668701171875,1547.58056640625
2025-08-07 00:00:00+07:00,7899.673828125,3358.302490234375,4213.84423828125,3792.076904296875,1547.58056640625
2025-08-08 00:00:00+07:00,7899.673828125,3349.25048828125,4204.84033203125,3746.056396484375,1552.1456298828125
2025-08-11 00:00:00+07:00,8137.6162109375,3448.82275390625,4249.85986328125,3865.70947265625,1556.7108154296875
2025-08-12 00:00:00+07:00,8423.146484375,3666.0712890625,4420.93505859375,4012.974609375,1574.9713134765625
2025-08-13 00:00:00+07:00,8494.5283203125,3693.2275390625,4384.9189453125,4022.178466796875,1579.5364990234375
2025-08-14 00:00:00+07:00,8351.763671875,3675.12353515625,4366.9111328125,4040.586669921875,1574.9713134765625
2025-08-15 00:00:00+07:00,8280.3818359375,3729.435546875,4366.9111328125,4022.178466796875,1565.841064453125
2025-08-19 00:00:00+07:00,8090.02783203125,3657.01953125,4321.8916015625,3985.3623046875,1570.40625
2025-08-20 00:00:00+07:00,8113.82177734375,3756.591796875,4456.95068359375,4077.403076171875,1588.666748046875
2025-08-21 00:00:00+07:00,8137.6162109375,3756.591796875,4411.9306640625,4132.62744140625,1574.9713134765625
2025-08-22 00:00:00+07:00,8042.43896484375,3711.331787109375,4402.9267578125,4040.586669921875,1574.9713134765625
2025-08-25 00:00:00+07:00,8066.2333984375,3810.90380859375,4456.95068359375,4095.81103515625,1579.5364990234375
2025-08-26 00:00:00+07:00,7852.0859375,3774.69580078125,4411.9306640625,4178.64794921875,1574.9713134765625
2025-08-27 00:00:00+07:00,7899.673828125,3738.48779296875,4321.8916015625,4095.81103515625,1574.9713134765625
2025-08-28 00:00:00+07:00,7923.46826171875,3747.53955078125,4294.87939453125,4105.01513671875,1570.40625
2025-08-29 00:00:00+07:00,7685.52685546875,3666.0712890625,4258.86376953125,4031.382568359375,1552.1456298828125
2025-09-01 00:00:00+07:00,7614.14404296875,3602.707275390625,4141.81298828125,3976.158203125,1552.1456298828125
2025-09-02 00:00:00+07:00,7614.14404296875,3584.60302734375,4114.80078125,3966.9541015625,1547.58056640625
2025-09-03 00:00:00+07:00,7590.349609375,3647.96728515625,4159.8203125,4058.994873046875,1547.58056640625
2025-09-04 00:00:00+07:00,7614.14404296875,3620.811279296875,4213.84423828125,4022.178466796875,1561.2760009765625
2025-09-08 00:00:00+07:00,7328.61376953125,3530.291015625,4042.76953125,3847.30126953125,1556.7108154296875
2025-09-09 00:00:00+07:00,7162.05419921875,3430.71875,3880.6982421875,3755.260498046875,1543.015380859375
2025-09-10 00:00:00+07:00,7423.7900390625,3512.18701171875,3961.733642578125,3773.668701171875,1547.58056640625
2025-09-11 00:00:00+07:00,7471.37890625,3693.2275390625,4033.76513671875,4068.198974609375,1556.7108154296875
2025-09-12 00:00:00+07:00,7542.76123046875,3783.747802734375,4069.781005859375,4160.23974609375,1565.841064453125
2025-09-15 00:00:00+07:00,7637.93798828125,3747.53955078125,4078.784912109375,4058.994873046875,1579.5364990234375
2025-09-16 00:00:00+07:00,7542.76123046875,3738.48779296875,4033.76513671875,4022.178466796875,1574.9713134765625
2025-09-17 00:00:00+07:00,7471.37890625,3819.9560546875,4060.77685546875,4095.81103515625,1574.9713134765625
2025-09-18 00:00:00+07:00,7328.61376953125,3847.112060546875,3979.741455078125,3994.56640625,1570.40625
2025-09-19 00:00:00+07:00,7423.7900390625,3847.112060546875,3943.72607421875,3930.137939453125,1556.7108154296875
2025-09-22 00:00:00+07:00,7352.4072265625,3765.643798828125,3979.741455078125,3874.91357421875,1552.1456298828125
2025-09-23 00:00:00+07:00,7495.1728515625,3747.53955078125,3970.73779296875,3865.70947265625,1552.1456298828125
2025-09-24 00:00:00+07:00,7399.99609375,3774.69580078125,3952.729736328125,3856.50537109375,1552.1456298828125
2025-09-25 00:00:00+07:00,7328.61376953125,3684.175537109375,3925.71826171875,3856.50537109375,1547.58056640625
2025-09-26 00:00:00+07:00,7257.23095703125,3657.01953125,3979.741455078125,3847.30126953125,1547.58056640625
2025-09-29 00:00:00+07:00,7399.99609375,3602.707275390625,3961.733642578125,3838.09716796875,1552.1456298828125
2025-09-30 00:00:00+07:00,7257.23095703125,3530.291015625,3961.733642578125,3773.668701171875,1547.58056640625
2025-10-01 00:00:00+07:00,7138.259765625,3448.82275390625,3943.72607421875,3727.6484375,1529.3199462890625
2025-10-02 00:00:00+07:00,7138.259765625,3358.302490234375,3925.71826171875,3718.4443359375,1533.8851318359375
2025-10-03 00:00:00+07:00,7162.05419921875,3340.1982421875,3880.6982421875,3718.4443359375,1552.1456298828125
2025-10-06 00:00:00+07:00,7138.259765625,3313.042236328125,3835.678466796875,3681.6279296875,1547.58056640625
2025-10-07 00:00:00+07:00,7209.64208984375,3358.302490234375,3862.690185546875,3672.423828125,1547.58056640625
2025-10-08 00:00:00+07:00,7019.28857421875,3367.3544921875,3826.6748046875,3626.403564453125,1556.7108154296875
2025-10-09 00:00:00+07:00,7185.84814453125,3494.0830078125,3952.729736328125,3773.668701171875,1561.2760009765625
2025-10-10 00:00:00+07:00,7043.0830078125,3376.406494140625,3826.6748046875,3654.015869140625,1552.1456298828125
2025-10-13 00:00:00+07:00,6971.70068359375,3313.042236328125,3808.6669921875,3589.58740234375,1547.58056640625
2025-10-14 00:00:00+07:00,6900.31787109375,3213.469970703125,3682.611572265625,3497.546630859375,1538.4503173828125
2025-10-15 00:00:00+07:00,6900.31787109375,3168.2099609375,3646.595947265625,3469.934326171875,1611.492431640625
2025-10-16 00:00:00+07:00,6947.90625,3195.365966796875,3682.611572265625,3543.56689453125,1552.1456298828125
2025-10-17 00:00:00+07:00,7138.259765625,3168.2099609375,3646.595947265625,3497.546630859375,1524.7548828125
2025-10-20 00:00:00+07:00,7495.1728515625,3331.146484375,3871.6943359375,3718.4443359375,1556.7108154296875
2025-10-21 00:00:00+07:00,8066.2333984375,3403.562744140625,3916.7138671875,3727.6484375,1552.1456298828125
2025-10-22 00:00:00+07:00,7804.49755859375,3349.25048828125,3898.7060546875,3709.240234375,1547.58056640625
2025-10-23 00:00:00+07:00,7923.46826171875,3457.874755859375,3988.74560546875,3902.525634765625,1556.7108154296875
2025-10-24 00:00:00+07:00,7875.8798828125,3485.031005859375,4096.79296875,4022.178466796875,1556.7108154296875
2025-10-27 00:00:00+07:00,7947.2626953125,3494.0830078125,4024.761474609375,4022.178466796875,1552.1456298828125
2025-10-28 00:00:00+07:00,7875.8798828125,3485.031005859375,4060.77685546875,4022.178466796875,1552.1456298828125
2025-10-29 00:00:00+07:00,8185.20458984375,3521.239013671875,4186.83251953125,4086.607177734375,1565.841064453125
2025-10-30 00:00:00+07:00,8113.82177734375,3539.343017578125,4321.8916015625,4058.994873046875,1584.1015625
2025-10-31 00:00:00+07:00,8113.82177734375,3602.707275390625,4249.85986328125,4031.382568359375,1593.23193359375
2025-11-03 00:00:00+07:00,8232.79296875,3657.01953125,4285.87548828125,4077.403076171875,1597.7969970703125
2025-11-04 00:00:00+07:00,8232.79296875,3593.6552734375,4258.86376953125,4095.81103515625,1579.5364990234375
2025-11-05 00:00:00+07:00,8280.3818359375,3602.707275390625,4294.87939453125,4105.01513671875,1593.23193359375
2025-11-06 00:00:00+07:00,8137.6162109375,3620.811279296875,4276.87158203125,4086.607177734375,1597.7969970703125
2025-11-07 00:00:00+07:00,8256.5869140625,3602.707275390625,4276.87158203125,4141.83154296875,1593.23193359375
2025-11-10 00:00:00+07:00,8161.41064453125,3557.447021484375,4258.86376953125,4068.198974609375,1584.1015625
2025-11-11 00:00:00+07:00,7994.85107421875,3521.239013671875,4213.84423828125,4068.198974609375,1588.666748046875
2025-11-12 00:00:00+07:00,8090.02783203125,3530.291015625,4285.87548828125,4105.01513671875,1593.23193359375
2025-11-13 00:00:00+07:00,7971.056640625,3503.134765625,4231.85205078125,4068.198974609375,1593.23193359375
2025-11-14 00:00:00+07:00,8018.6455078125,3530.291015625,4276.87158203125,4040.586669921875,1584.1015625
2025-11-17 00:00:00+07:00,8161.41064453125,3566.4990234375,4339.8994140625,4040.586669921875,1611.492431640625
2025-11-18 00:00:00+07:00,7994.85107421875,3593.6552734375,4312.88720703125,4105.01513671875,1661.7088623046875
2025-11-19 00:00:00+07:00,8066.2333984375,3620.811279296875,4366.9111328125,4105.01513671875,1638.8831787109375
2025-11-20 00:00:00+07:00,8018.6455078125,3611.75927734375,4447.9462890625,4105.01513671875,1643.4483642578125
2025-11-21 00:00:00+07:00,7994.85107421875,3584.60302734375,4456.95068359375,4040.586669921875,1634.318115234375
2025-11-24 00:00:00+07:00,8066.2333984375,3602.707275390625,4592.00927734375,4040.586669921875,1625.1878662109375
2025-11-25 00:00:00+07:00,8090.02783203125,3466.927001953125,4524.47998046875,4068.198974609375,1629.7529296875
2025-11-26 00:00:00+07:00,8018.6455078125,3430.71875,4524.47998046875,4058.994873046875,1629.7529296875
2025-11-27 00:00:00+07:00,7923.46826171875,3385.458740234375,4375.9150390625,4003.7705078125,1620.6226806640625
2025-11-28 00:00:00+07:00,7875.8798828125,3331.146484375,4348.9033203125,3920.933837890625,1620.6226806640625
2025-12-01 00:00:00+07:00,7994.85107421875,3322.094482421875,4375.9150390625,3966.9541015625,1611.492431640625
2025-12-02 00:00:00+07:00,7971.056640625,3358.302490234375,4366.9111328125,3930.137939453125,1620.6226806640625
2025-12-03 00:00:00+07:00,7951.8955078125,3313.042236328125,4393.9228515625,3920.933837890625,1620.6226806640625
2025-12-04 00:00:00+07:00,7880.04150390625,3340.1982421875,4429.9384765625,3966.9541015625,1625.1878662109375
2025-12-05 00:00:00+07:00,7951.8955078125,3303.990478515625,4411.9306640625,3948.5458984375,1620.6226806640625
2025-12-08 00:00:00+07:00,7951.8955078125,3322.094482421875,4456.95068359375,3966.9541015625,1616.0576171875
2025-12-09 00:00:00+07:00,7760.28369140625,3331.146484375,4402.9267578125,3976.158203125,1606.92724609375
2025-12-10 00:00:00+07:00,7736.33251953125,3313.042236328125,4474.9580078125,3966.9541015625,1597.7969970703125
2025-12-11 00:00:00+07:00,7664.47802734375,3276.834228515625,4456.95068359375,3893.321533203125,1584.1015625
2025-12-12 00:00:00+07:00,7664.47802734375,3285.88623046875,4339.8994140625,3902.525634765625,1588.666748046875
2025-12-15 00:00:00+07:00,7951.8955078125,3421.66650390625,4492.96630859375,4086.607177734375,1602.3621826171875
2025-12-16 00:00:00+07:00,7736.33251953125,3340.1982421875,4501.97021484375,4049.790771484375,1597.7969970703125
2025-12-17 00:00:00+07:00,7688.42919921875,3394.510498046875,4524.47998046875,4022.178466796875,1597.7969970703125
2025-12-18 00:00:00+07:00,7832.13818359375,3421.66650390625,4637.029296875,4031.382568359375,1606.92724609375
2025-12-19 00:00:00+07:00,7712.380859375,3412.61474609375,4659.5390625,3994.56640625,1602.3621826171875
2025-12-22 00:00:00+07:00,7832.13818359375,3403.562744140625,4592.00927734375,3985.3623046875,1602.3621826171875
2025-12-23 00:00:00+07:00,7688.42919921875,3412.61474609375,4546.98974609375,3948.5458984375,1593.23193359375
2025-12-24 00:00:00+07:00,7688.42919921875,3412.61474609375,4546.98974609375,3930.137939453125,1588.666748046875
2025-12-29 00:00:00+07:00,7688.42919921875,3421.66650390625,4569.49951171875,3920.933837890625,1593.23193359375
2025-12-30 00:00:00+07:00,7736.33251953125,3437.6337890625,4592.00927734375,4022.178466796875,1634.318115234375
2026-01-02 00:00:00+07:00,7688.42919921875,3418.848876953125,4569.49951171875,3920.933837890625,1616.0576171875
2026-01-05 00:00:00+07:00,7736.33251953125,3409.45654296875,4546.98974609375,3893.321533203125,1634.318115234375
2026-01-06 00:00:00+07:00,7832.13818359375,3456.418701171875,4482.68896484375,3902.525634765625,1634.318115234375
2026-01-07 00:00:00+07:00,7808.18701171875,3475.20361328125,4418.38818359375,3865.70947265625,1643.4483642578125
2026-01-08 00:00:00+07:00,7712.380859375,3484.595947265625,4418.38818359375,3874.91357421875,1643.4483642578125
2026-01-09 00:00:00+07:00,7784.2353515625,3456.418701171875,4372.458984375,3847.30126953125,1648.0135498046875
2026-01-12 00:00:00+07:00,7688.42919921875,3475.20361328125,4381.64453125,3884.117431640625,1638.8831787109375
2026-01-13 00:00:00+07:00,7736.33251953125,3493.988525390625,4427.57373046875,3994.56640625,1648.0135498046875
2026-01-14 00:00:00+07:00,7664.47802734375,3493.988525390625,4445.94580078125,4012.974609375,1638.8831787109375
2026-01-15 00:00:00+07:00,7736.33251953125,3587.912841796875,4583.7333984375,4178.64794921875,1652.57861328125
2026-01-19 00:00:00+07:00,7784.2353515625,3606.69775390625,4592.9189453125,4252.2802734375,1675.404296875
2026-01-20 00:00:00+07:00,7664.47802734375,3616.09033203125,4615.8837890625,4206.259765625,1716.490478515625
2026-01-21 00:00:00+07:00,7377.06005859375,3587.912841796875,4583.7333984375,4224.66796875,1698.22998046875
2026-01-22 00:00:00+07:00,7329.15673828125,3578.5205078125,4574.54736328125,4224.66796875,1702.795166015625
2026-01-23 00:00:00+07:00,7329.15673828125,3616.09033203125,4583.7333984375,4233.8720703125,1698.22998046875
2026-01-26 00:00:00+07:00,7329.15673828125,3616.09033203125,4510.24658203125,4169.44384765625,1689.0997314453125
2026-01-27 00:00:00+07:00,7185.44775390625,3587.912841796875,4418.38818359375,4141.83154296875,1657.143798828125
2026-01-28 00:00:00+07:00,6730.36962890625,3371.88671875,4188.7421875,4086.607177734375,1629.7529296875
2026-01-29 00:00:00+07:00,6898.0302734375,3550.343017578125,4253.04296875,4068.198974609375,1657.143798828125
2026-01-30 00:00:00+07:00,7089.64208984375,3578.5205078125,4427.57373046875,4132.62744140625,1657.143798828125
2026-02-02 00:00:00+07:00,7281.25390625,3597.305419921875,4409.2021484375,4141.83154296875,1643.4483642578125
2026-02-03 00:00:00+07:00,7329.15673828125,3569.1279296875,4436.759765625,4224.66796875,1648.0135498046875
2026-02-04 00:00:00+07:00,7472.86572265625,3634.875,4592.9189453125,4261.484375,1725.6207275390625
2026-02-05 00:00:00+07:00,7472.86572265625,3616.09033203125,4638.84814453125,4206.259765625,1711.9254150390625
2026-02-06 00:00:00+07:00,7353.1083984375,3550.343017578125,4638.84814453125,4169.44384765625,1725.6207275390625
2026-02-09 00:00:00+07:00,7185.44775390625,3540.95068359375,4592.9189453125,4160.23974609375,1730.1859130859375
2026-02-10 00:00:00+07:00,7161.49658203125,3550.343017578125,4684.77734375,4151.03564453125,1725.6207275390625
2026-02-11 00:00:00+07:00,7137.544921875,3569.1279296875,4615.8837890625,4123.42333984375,1721.0556640625
2026-02-12 00:00:00+07:00,7017.78759765625,3559.735595703125,4661.81298828125,4151.03564453125,1716.490478515625
2026-02-13 00:00:00+07:00,6898.0302734375,3550.343017578125,4661.81298828125,4123.42333984375,1711.9254150390625
2026-02-18 00:00:00+07:00,6969.884765625,3597.305419921875,4845.52978515625,4132.62744140625,1716.490478515625
2026-02-19 00:00:00+07:00,6874.07861328125,3540.95068359375,4661.81298828125,4095.81103515625,1707.3602294921875
2026-02-20 00:00:00+07:00,6921.9814453125,3606.69775390625,4707.7421875,4114.21923828125,1702.795166015625
2026-02-23 00:00:00+07:00,6993.8359375,3663.052490234375,4845.52978515625,4141.83154296875,1716.490478515625
2026-02-24 00:00:00+07:00,6921.9814453125,3634.875,4937.38818359375,4095.81103515625,1716.490478515625
2026-02-25 00:00:00+07:00,7017.78759765625,3728.799560546875,4868.494140625,4141.83154296875,1721.0556640625
2026-02-26 00:00:00+07:00,6993.8359375,3710.0146484375,4891.458984375,4105.01513671875,1702.795166015625
2026-02-27 00:00:00+07:00,6874.07861328125,3672.44482421875,4845.52978515625,4049.790771484375,1689.0997314453125
2026-03-02 00:00:00+07:00,6730.36962890625,3587.912841796875,4661.81298828125,3957.75,1657.143798828125
2026-03-03 00:00:00+07:00,6778.2724609375,3540.95068359375,4684.77734375,3957.75,1657.143798828125
2026-03-04 00:00:00+07:00,6586.66064453125,3465.81103515625,4574.54736328125,3819.68896484375,1611.492431640625
2026-03-05 00:00:00+07:00,6802.22412109375,3522.165771484375,4707.7421875,3939.342041015625,1616.0576171875
2026-03-06 00:00:00+07:00,6706.41796875,3447.0263671875,4574.54736328125,3930.137939453125,1616.0576171875
2026-03-09 00:00:00+07:00,6586.66064453125,3353.101806640625,4427.57373046875,3948.5458984375,1584.1015625
2026-03-10 00:00:00+07:00,6682.466796875,3343.70947265625,4510.24658203125,3920.933837890625,1588.666748046875
2026-03-11 00:00:00+07:00,6538.7578125,3362.494384765625,4482.68896484375,3948.5458984375,1611.492431640625
2026-03-12 00:00:00+07:00,6610.6123046875,3353.101806640625,4556.17578125,3939.342041015625,1611.492431640625
2026-03-13 00:00:00+07:00,6586.66064453125,3296.7470703125,4363.27294921875,3902.525634765625,1602.3621826171875
2026-03-16 00:00:00+07:00,6466.9033203125,3268.56982421875,4317.34375,3976.158203125,1588.666748046875
2026-03-17 00:00:00+07:00,6490.8544921875,3268.56982421875,4344.9013671875,4040.586669921875,1629.7529296875
2026-03-25 00:00:00+07:00,6610.6123046875,3324.924560546875,4565.361328125,4040.0,1648.0135498046875
2026-03-26 00:00:00+07:00,6586.66064453125,3277.96240234375,4445.94580078125,4000.0,1643.4483642578125
2026-03-27 00:00:00+07:00,6419.0,3212.215087890625,4372.458984375,3900.0,1625.1878662109375
2026-03-30 00:00:00+07:00,6450.0,3155.860595703125,4317.34375,3850.0,1611.492431640625
2026-03-31 00:00:00+07:00,6450.0,3127.68310546875,4335.7158203125,3760.0,1611.492431640625
2026-04-01 00:00:00+07:00,6500.0,3146.468017578125,4335.7158203125,3720.0,1634.318115234375
2026-04-02 00:00:00+07:00,6575.0,3118.290771484375,4271.41455078125,3700.0,1648.0135498046875
2026-04-06 00:00:00+07:00,6500.0,3108.8984375,4234.67138671875,3640.0,1634.318115234375
2026-04-07 00:00:00+07:00,6500.0,3033.7587890625,4142.81298828125,3510.0,1634.318115234375
2026-04-08 00:00:00+07:00,6750.0,3137.07568359375,4289.78662109375,3780.0,1657.143798828125
2026-04-09 00:00:00+07:00,6475.0,3080.720947265625,4197.92822265625,3710.0,1648.0135498046875
2026-04-10 00:00:00+07:00,6700.0,3184.037841796875,4289.78662109375,3730.0,1661.7088623046875
2026-04-13 00:00:00+07:00,6575.0,3165.2529296875,4225.4853515625,3680.0,1661.7088623046875
2026-04-14 00:00:00+07:00,6750.0,3249.784912109375,4326.52978515625,3740.0,1675.404296875
2026-04-15 00:00:00+07:00,6550.0,3193.430419921875,4271.41455078125,3670.0,1666.2740478515625
2026-04-16 00:00:00+07:00,6525.0,3202.82275390625,4262.22900390625,3700.0,1666.2740478515625
2026-04-17 00:00:00+07:00,6425.0,3221.607666015625,4243.857421875,3710.0,1693.664794921875
2026-04-20 00:00:00+07:00,6475.0,3231.0,4243.857421875,3670.0,1702.795166015625
2026-04-21 00:00:00+07:00,6500.0,3270.0,4317.34375,3730.0,1721.0556640625
2026-04-22 00:00:00+07:00,6450.0,3240.0,4363.27294921875,3830.0,1734.7510986328125
2026-04-23 00:00:00+07:00,6425.0,3160.0,4253.04296875,3870.0,1725.6207275390625
2026-04-24 00:00:00+07:00,6050.0,3070.0,4133.626953125,3770.0,1702.795166015625
2026-04-27 00:00:00+07:00,5975.0,3050.0,4041.768798828125,3720.0,1698.22998046875
2026-04-28 00:00:00+07:00,6000.0,3070.0,4069.326171875,3790.0,1705.0
2026-04-29 00:00:00+07:00,5975.0,3070.0,4069.326171875,3800.0,1695.0
2026-04-30 00:00:00+07:00,5850.0,2990.0,4032.5830078125,3720.0,1670.0
2026-05-04 00:00:00+07:00,5900.0,3040.0,4060.140380859375,3840.0,1655.0
2026-05-05 00:00:00+07:00,5950.0,3150.0,4124.44140625,3920.0,1685.0
2026-05-06 00:00:00+07:00,5950.0,3160.0,4142.81298828125,3830.0,1670.0
2026-05-07 00:00:00+07:00,6225.0,3310.0,4262.22900390625,3980.0,1700.0
2026-05-08 00:00:00+07:00,6175.0,3260.0,4253.04296875,3860.0,1690.0
2026-05-11 00:00:00+07:00,6150.0,3200.0,4250.0,3820.0,1660.0
2026-05-12 00:00:00+07:00,6125.0,3220.0,4240.0,3910.0,1660.0
2026-05-13 00:00:00+07:00,6100.0,3120.0,4200.0,3870.0,1675.0
2026-05-14 00:00:00+07:00,6100.0,3120.0,4200.0,3870.0,1675.0
2026-05-15 00:00:00+07:00,6100.0,3120.0,4200.0,3870.0,1675.0
