Date,BBNI.JK,TLKM.JK,UNVR.JK,BNGA.JK
2023-05-16 00:00:00+07:00,3527.178466796875,3336.548095703125,3897.8349609375,1145.837158203125
2023-05-17 00:00:00+07:00,3527.178466796875,3344.931640625,3854.62109375,1118.3682861328125
2023-05-19 00:00:00+07:00,3557.411376953125,3370.08154296875,3828.693359375,1134.0648193359375
2023-05-22 00:00:00+07:00,3567.489013671875,3386.84814453125,3820.05078125,1141.9129638671875
2023-05-23 00:00:00+07:00,3607.799560546875,3386.84814453125,3845.978271484375,1141.9129638671875
2023-05-24 00:00:00+07:00,3557.411376953125,3487.447509765625,3811.408203125,1114.4442138671875
2023-05-25 00:00:00+07:00,3627.955078125,3453.9140625,3811.408203125,1106.59619140625
2023-05-26 00:00:00+07:00,3607.799560546875,3462.297607421875,3785.480224609375,1137.9888916015625
2023-05-29 00:00:00+07:00,3648.1103515625,3520.980712890625,3932.40576171875,1141.9129638671875
2023-05-30 00:00:00+07:00,3638.032470703125,3453.9140625,3923.762451171875,1141.9129638671875
2023-05-31 00:00:00+07:00,3648.1103515625,3386.84814453125,3915.1201171875,1130.1407470703125
2023-06-05 00:00:00+07:00,3627.955078125,3420.381103515625,3889.19189453125,1134.0648193359375
2023-06-06 00:00:00+07:00,3708.576171875,3428.764404296875,3854.62109375,1145.837158203125
2023-06-07 00:00:00+07:00,3688.420654296875,3479.064208984375,3949.6904296875,1149.76123046875
2023-06-08 00:00:00+07:00,3708.576171875,3495.830810546875,3975.6181640625,1149.76123046875
2023-06-09 00:00:00+07:00,3718.654052734375,3479.064208984375,3932.40576171875,1145.837158203125
2023-06-12 00:00:00+07:00,3748.88671875,3538.119140625,3984.260986328125,1208.622802734375
2023-06-13 00:00:00+07:00,3678.34326171875,3520.646728515625,3897.8349609375,1240.015380859375
2023-06-14 00:00:00+07:00,3617.876953125,3494.4384765625,3837.3359375,1208.622802734375
2023-06-15 00:00:00+07:00,3668.265625,3511.910888671875,3906.477294921875,1212.546875
2023-06-16 00:00:00+07:00,3638.032470703125,3468.23046875,3794.122802734375,1189.002197265625
2023-06-19 00:00:00+07:00,3648.1103515625,3459.494140625,3785.480224609375,1196.850341796875
2023-06-20 00:00:00+07:00,3658.18798828125,3485.70263671875,3716.338623046875,1208.622802734375
2023-06-21 00:00:00+07:00,3668.265625,3476.96630859375,3768.195068359375,1216.4708251953125
2023-06-22 00:00:00+07:00,3648.1103515625,3442.022216796875,3673.125732421875,1224.319091796875
2023-06-23 00:00:00+07:00,3638.032470703125,3450.758056640625,3690.4111328125,1224.319091796875
2023-06-26 00:00:00+07:00,3678.34326171875,3485.70263671875,3655.84033203125,1232.1673583984375
2023-06-27 00:00:00+07:00,3688.420654296875,3494.4384765625,3681.76806640625,1243.9395751953125
2023-07-03 00:00:00+07:00,3718.654052734375,3494.4384765625,3724.9814453125,1271.4083251953125
2023-07-04 00:00:00+07:00,3668.265625,3468.23046875,3742.2666015625,1263.56005859375
2023-07-05 00:00:00+07:00,3688.420654296875,3476.96630859375,3724.9814453125,1259.635986328125
2023-07-06 00:00:00+07:00,3668.265625,3459.494140625,3734.647705078125,1259.635986328125
2023-07-07 00:00:00+07:00,3658.18798828125,3459.494140625,3725.85986328125,1279.2564697265625
2023-07-10 00:00:00+07:00,3648.1103515625,3450.758056640625,3734.647705078125,1247.86376953125
2023-07-11 00:00:00+07:00,3617.876953125,3476.96630859375,3734.647705078125,1247.86376953125
2023-07-12 00:00:00+07:00,3607.799560546875,3476.96630859375,3699.498046875,1247.86376953125
2023-07-13 00:00:00+07:00,3587.644287109375,3424.550048828125,3734.647705078125,1240.015380859375
2023-07-14 00:00:00+07:00,3597.72216796875,3433.285888671875,3734.647705078125,1240.015380859375
2023-07-17 00:00:00+07:00,3607.799560546875,3415.813720703125,3752.22265625,1251.787841796875
2023-07-18 00:00:00+07:00,3587.644287109375,3363.397216796875,3752.22265625,1240.015380859375
2023-07-20 00:00:00+07:00,3648.1103515625,3363.397216796875,3708.28515625,1243.9395751953125
2023-07-21 00:00:00+07:00,3648.1103515625,3372.13330078125,3769.797119140625,1259.635986328125
2023-07-24 00:00:00+07:00,3638.032470703125,3407.07763671875,3769.797119140625,1263.56005859375
2023-07-25 00:00:00+07:00,3638.032470703125,3389.60546875,3558.8994140625,1259.635986328125
2023-07-26 00:00:00+07:00,3607.799560546875,3389.60546875,3488.60009765625,1251.787841796875
2023-07-27 00:00:00+07:00,3587.644287109375,3249.827880859375,3374.364013671875,1263.56005859375
2023-07-28 00:00:00+07:00,3577.56689453125,3249.827880859375,3400.72607421875,1263.56005859375
2023-07-31 00:00:00+07:00,3577.56689453125,3249.827880859375,3383.1513671875,1326.3455810546875
2023-08-01 00:00:00+07:00,3496.945556640625,3276.0361328125,3312.852294921875,1310.6492919921875
2023-08-02 00:00:00+07:00,3577.56689453125,3223.61962890625,3242.552734375,1310.6492919921875
2023-08-03 00:00:00+07:00,3607.799560546875,3249.827880859375,3312.852294921875,1310.6492919921875
2023-08-04 00:00:00+07:00,3627.955078125,3223.61962890625,3286.48974609375,1342.0421142578125
2023-08-07 00:00:00+07:00,3627.955078125,3214.883544921875,3268.914794921875,1396.9794921875
2023-08-08 00:00:00+07:00,3597.72216796875,3258.56396484375,3295.27734375,1404.8277587890625
2023-08-09 00:00:00+07:00,3658.18798828125,3293.50830078125,3268.914794921875,1393.055419921875
2023-08-10 00:00:00+07:00,3668.265625,3319.716552734375,3233.765625,1400.903564453125
2023-08-11 00:00:00+07:00,3668.265625,3328.452880859375,3251.340087890625,1393.055419921875
2023-08-14 00:00:00+07:00,3708.576171875,3345.925048828125,3277.702392578125,1385.2071533203125
2023-08-15 00:00:00+07:00,3668.265625,3337.188720703125,3277.702392578125,1385.2071533203125
2023-08-16 00:00:00+07:00,3668.265625,3345.925048828125,3277.702392578125,1365.5865478515625
2023-08-18 00:00:00+07:00,3648.1103515625,3284.7724609375,3242.552734375,1365.5865478515625
2023-08-21 00:00:00+07:00,3678.34326171875,3267.30029296875,3260.127685546875,1338.1180419921875
2023-08-22 00:00:00+07:00,3668.265625,3276.0361328125,3260.127685546875,1326.3455810546875
2023-08-23 00:00:00+07:00,3658.18798828125,3267.30029296875,3295.27734375,1357.738525390625
2023-08-24 00:00:00+07:00,3678.34326171875,3249.827880859375,3268.914794921875,1334.1939697265625
2023-08-25 00:00:00+07:00,3668.265625,3249.827880859375,3304.064697265625,1322.4215087890625
2023-08-28 00:00:00+07:00,3668.265625,3232.355712890625,3321.639404296875,1318.49755859375
2023-08-29 00:00:00+07:00,3688.420654296875,3249.827880859375,3304.064697265625,1361.66259765625
2023-08-30 00:00:00+07:00,3708.576171875,3328.452880859375,3286.48974609375,1345.9661865234375
2023-08-31 00:00:00+07:00,3698.49853515625,3258.56396484375,3224.97802734375,1334.1939697265625
2023-09-01 00:00:00+07:00,3698.49853515625,3249.827880859375,3216.190673828125,1338.1180419921875
2023-09-04 00:00:00+07:00,3809.3525390625,3258.56396484375,3216.190673828125,1326.3455810546875
2023-09-05 00:00:00+07:00,3879.89599609375,3267.30029296875,3181.041015625,1322.4215087890625
2023-09-06 00:00:00+07:00,3859.740966796875,3310.980712890625,3207.403076171875,1334.1939697265625
2023-09-07 00:00:00+07:00,3829.5078125,3284.7724609375,3189.828369140625,1334.1939697265625
2023-09-08 00:00:00+07:00,3779.11962890625,3223.61962890625,3172.253662109375,1330.269775390625
2023-09-11 00:00:00+07:00,3809.3525390625,3232.355712890625,3207.403076171875,1318.49755859375
2023-09-12 00:00:00+07:00,3748.88671875,3241.091796875,3181.041015625,1302.801025390625
2023-09-13 00:00:00+07:00,3769.042236328125,3241.091796875,3154.6787109375,1279.2564697265625
2023-09-14 00:00:00+07:00,3809.3525390625,3214.883544921875,3128.31640625,1287.1046142578125
2023-09-15 00:00:00+07:00,3819.430419921875,3249.827880859375,3075.592041015625,1353.8143310546875
2023-09-18 00:00:00+07:00,3769.042236328125,3214.883544921875,3049.22998046875,1338.1180419921875
2023-09-19 00:00:00+07:00,3809.3525390625,3258.56396484375,3145.891357421875,1338.1180419921875
2023-09-20 00:00:00+07:00,3859.740966796875,3328.452880859375,3189.828369140625,1330.269775390625
2023-09-21 00:00:00+07:00,3869.818603515625,3328.452880859375,3312.852294921875,1322.4215087890625
2023-09-22 00:00:00+07:00,3930.2841796875,3372.13330078125,3383.1513671875,1330.269775390625
2023-09-25 00:00:00+07:00,4051.216064453125,3293.50830078125,3356.789306640625,1334.1939697265625
2023-09-26 00:00:00+07:00,4020.9833984375,3284.7724609375,3356.789306640625,1326.3455810546875
2023-09-27 00:00:00+07:00,4081.449462890625,3249.827880859375,3312.852294921875,1334.1939697265625
2023-09-29 00:00:00+07:00,4162.0703125,3276.0361328125,3286.48974609375,1326.3455810546875
2023-10-02 00:00:00+07:00,4151.99267578125,3276.0361328125,3251.340087890625,1326.3455810546875
2023-10-03 00:00:00+07:00,4202.38134765625,3293.50830078125,3154.6787109375,1314.5733642578125
2023-10-04 00:00:00+07:00,4182.2255859375,3302.244384765625,3145.891357421875,1302.801025390625
2023-10-05 00:00:00+07:00,4182.2255859375,3249.827880859375,3216.190673828125,1302.801025390625
2023-10-06 00:00:00+07:00,4192.30322265625,3302.244384765625,3339.214111328125,1287.1046142578125
2023-10-09 00:00:00+07:00,4111.68212890625,3284.7724609375,3268.914794921875,1326.3455810546875
2023-10-10 00:00:00+07:00,4192.30322265625,3328.452880859375,3224.97802734375,1330.269775390625
2023-10-11 00:00:00+07:00,4172.1484375,3302.244384765625,3172.253662109375,1334.1939697265625
2023-10-12 00:00:00+07:00,4293.080078125,3345.925048828125,3189.828369140625,1334.1939697265625
2023-10-13 00:00:00+07:00,4172.1484375,3363.397216796875,3207.403076171875,1342.0421142578125
2023-10-16 00:00:00+07:00,4192.30322265625,3284.7724609375,3207.403076171875,1338.1180419921875
2023-10-17 00:00:00+07:00,4192.30322265625,3310.980712890625,3365.57666015625,1345.9661865234375
2023-10-18 00:00:00+07:00,4131.837890625,3276.0361328125,3356.789306640625,1322.4215087890625
2023-10-19 00:00:00+07:00,3982.68798828125,3258.56396484375,3348.001708984375,1298.8770751953125
2023-10-20 00:00:00+07:00,4006.87451171875,3232.355712890625,3391.93896484375,1314.5733642578125
2023-10-23 00:00:00+07:00,4022.9990234375,3153.73095703125,3374.364013671875,1291.02880859375
2023-10-24 00:00:00+07:00,4031.06103515625,3188.67529296875,3506.175048828125,1302.801025390625
2023-10-25 00:00:00+07:00,4006.87451171875,3144.994873046875,3585.261962890625,1334.1939697265625
2023-10-26 00:00:00+07:00,3934.315185546875,3040.16162109375,3497.387451171875,1314.5733642578125
2023-10-27 00:00:00+07:00,3910.129150390625,3057.6337890625,3497.387451171875,1330.269775390625
2023-10-30 00:00:00+07:00,3910.129150390625,2987.7451171875,3330.427001953125,1338.1180419921875
2023-10-31 00:00:00+07:00,3861.756591796875,3048.897705078125,3181.041015625,1357.738525390625
2023-11-01 00:00:00+07:00,3885.943115234375,3162.466796875,3145.891357421875,1349.8902587890625
2023-11-02 00:00:00+07:00,3926.253173828125,3162.466796875,3154.6787109375,1349.8902587890625
2023-11-03 00:00:00+07:00,3942.377685546875,3118.786376953125,3119.529052734375,1361.66259765625
2023-11-06 00:00:00+07:00,4006.87451171875,3188.67529296875,3181.041015625,1369.5107421875
2023-11-07 00:00:00+07:00,3982.68798828125,3118.786376953125,3137.10400390625,1353.8143310546875
2023-11-08 00:00:00+07:00,3934.315185546875,3075.10595703125,3163.46630859375,1345.9661865234375
2023-11-09 00:00:00+07:00,3918.191650390625,3083.842041015625,3163.46630859375,1338.1180419921875
2023-11-10 00:00:00+07:00,3918.191650390625,3101.314208984375,3154.6787109375,1330.269775390625
2023-11-13 00:00:00+07:00,3942.377685546875,3075.10595703125,3101.954345703125,1338.1180419921875
2023-11-14 00:00:00+07:00,3934.315185546875,3057.6337890625,3058.01708984375,1334.1939697265625
2023-11-15 00:00:00+07:00,4014.93701171875,3101.314208984375,3014.080322265625,1342.0421142578125
2023-11-16 00:00:00+07:00,3990.75048828125,3092.578125,3040.442626953125,1342.0421142578125
2023-11-17 00:00:00+07:00,4014.93701171875,3101.314208984375,3049.22998046875,1349.8902587890625
2023-11-20 00:00:00+07:00,4014.93701171875,3136.258544921875,3040.442626953125,1353.8143310546875
2023-11-21 00:00:00+07:00,4091.52685546875,3162.466796875,3058.01708984375,1353.8143310546875
2023-11-22 00:00:00+07:00,4091.52685546875,3153.73095703125,3075.592041015625,1342.0421142578125
2023-11-23 00:00:00+07:00,4151.99267578125,3144.994873046875,3110.741455078125,1345.9661865234375
2023-11-24 00:00:00+07:00,4192.30322265625,3162.466796875,3101.954345703125,1342.0421142578125
2023-11-27 00:00:00+07:00,4252.76953125,3214.883544921875,3093.1669921875,1342.0421142578125
2023-11-28 00:00:00+07:00,4172.1484375,3293.50830078125,3163.46630859375,1338.1180419921875
2023-11-29 00:00:00+07:00,4212.45849609375,3249.827880859375,3189.828369140625,1330.269775390625
2023-11-30 00:00:00+07:00,4252.76953125,3284.7724609375,3207.403076171875,1338.1180419921875
2023-12-01 00:00:00+07:00,4232.6142578125,3345.925048828125,3189.828369140625,1338.1180419921875
2023-12-04 00:00:00+07:00,4272.9248046875,3328.452880859375,3189.828369140625,1338.1180419921875
2023-12-05 00:00:00+07:00,4272.9248046875,3363.397216796875,3237.22412109375,1334.1939697265625
2023-12-06 00:00:00+07:00,4212.45849609375,3424.550048828125,3138.855712890625,1330.269775390625
2023-12-07 00:00:00+07:00,4252.76953125,3415.813720703125,3192.51123046875,1326.3455810546875
2023-12-08 00:00:00+07:00,4091.52685546875,3442.022216796875,3138.855712890625,1298.8770751953125
2023-12-11 00:00:00+07:00,4172.1484375,3476.96630859375,3129.9130859375,1298.8770751953125
2023-12-12 00:00:00+07:00,4252.76953125,3415.813720703125,3067.314697265625,1302.801025390625
2023-12-13 00:00:00+07:00,4172.1484375,3424.550048828125,3085.199951171875,1294.9530029296875
2023-12-14 00:00:00+07:00,4313.23486328125,3442.022216796875,3040.48681640625,1318.49755859375
2023-12-15 00:00:00+07:00,4252.76953125,3476.96630859375,3129.9130859375,1326.3455810546875
2023-12-18 00:00:00+07:00,4192.30322265625,3468.23046875,3049.429443359375,1326.3455810546875
2023-12-19 00:00:00+07:00,4192.30322265625,3468.23046875,3067.314697265625,1322.4215087890625
2023-12-20 00:00:00+07:00,4192.30322265625,3459.494140625,3094.142578125,1326.3455810546875
2023-12-21 00:00:00+07:00,4151.99267578125,3450.758056640625,3103.0849609375,1318.49755859375
2023-12-22 00:00:00+07:00,4232.6142578125,3459.494140625,3103.0849609375,1318.49755859375
2023-12-27 00:00:00+07:00,4252.76953125,3442.022216796875,3103.0849609375,1326.3455810546875
2023-12-28 00:00:00+07:00,4313.23486328125,3459.494140625,3165.68310546875,1330.269775390625
2023-12-29 00:00:00+07:00,4333.390625,3450.758056640625,3156.74072265625,1330.269775390625
2024-01-02 00:00:00+07:00,4333.390625,3485.70263671875,3174.625732421875,1338.1180419921875
2024-01-03 00:00:00+07:00,4313.23486328125,3459.494140625,3156.74072265625,1342.0421142578125
2024-01-04 00:00:00+07:00,4514.78857421875,3468.23046875,3147.79833984375,1345.9661865234375
2024-01-05 00:00:00+07:00,4494.63330078125,3398.341552734375,3147.79833984375,1349.8902587890625
2024-01-08 00:00:00+07:00,4494.63330078125,3398.341552734375,3112.027587890625,1353.8143310546875
2024-01-09 00:00:00+07:00,4555.0986328125,3459.494140625,3067.314697265625,1353.8143310546875
2024-01-10 00:00:00+07:00,4514.78857421875,3494.4384765625,3049.429443359375,1353.8143310546875
2024-01-11 00:00:00+07:00,4514.78857421875,3485.70263671875,3049.429443359375,1357.738525390625
2024-01-12 00:00:00+07:00,4514.78857421875,3503.1748046875,3103.0849609375,1365.5865478515625
2024-01-15 00:00:00+07:00,4534.94384765625,3494.4384765625,3067.314697265625,1373.434814453125
2024-01-16 00:00:00+07:00,4514.78857421875,3503.1748046875,3049.429443359375,1377.3590087890625
2024-01-17 00:00:00+07:00,4474.4775390625,3485.70263671875,2968.946044921875,1373.434814453125
2024-01-18 00:00:00+07:00,4474.4775390625,3450.758056640625,2951.060546875,1377.3590087890625
2024-01-19 00:00:00+07:00,4434.1669921875,3442.022216796875,2897.4052734375,1369.5107421875
2024-01-22 00:00:00+07:00,4454.322265625,3476.96630859375,2790.09375,1369.5107421875
2024-01-23 00:00:00+07:00,4373.701171875,3450.758056640625,2843.749755859375,1357.738525390625
2024-01-24 00:00:00+07:00,4414.01171875,3468.23046875,2861.634765625,1353.8143310546875
2024-01-25 00:00:00+07:00,4353.5458984375,3476.96630859375,2825.864013671875,1349.8902587890625
2024-01-26 00:00:00+07:00,4373.701171875,3476.96630859375,2825.864013671875,1345.9661865234375
2024-01-29 00:00:00+07:00,4494.63330078125,3503.1748046875,2754.323486328125,1345.9661865234375
2024-01-30 00:00:00+07:00,4555.0986328125,3494.4384765625,2799.036376953125,1373.434814453125
2024-01-31 00:00:00+07:00,4635.72021484375,3459.494140625,2772.20849609375,1381.283203125
2024-02-01 00:00:00+07:00,4615.56494140625,3529.383056640625,2772.20849609375,1369.5107421875
2024-02-02 00:00:00+07:00,4655.8759765625,3485.70263671875,2834.806640625,1369.5107421875
2024-02-05 00:00:00+07:00,4635.72021484375,3476.96630859375,2861.634765625,1389.1312255859375
2024-02-06 00:00:00+07:00,4655.8759765625,3476.96630859375,2906.347900390625,1389.1312255859375
2024-02-07 00:00:00+07:00,4635.72021484375,3476.96630859375,2924.233154296875,1396.9794921875
2024-02-12 00:00:00+07:00,4796.962890625,3494.4384765625,2611.24169921875,1495.0819091796875
2024-02-13 00:00:00+07:00,4736.49658203125,3476.96630859375,2503.930419921875,1526.4747314453125
2024-02-15 00:00:00+07:00,4837.27294921875,3520.646728515625,2620.184326171875,1530.39892578125
2024-02-16 00:00:00+07:00,4837.27294921875,3634.216064453125,2530.75830078125,1550.0194091796875
2024-02-19 00:00:00+07:00,4736.49658203125,3634.216064453125,2503.930419921875,1518.6265869140625
2024-02-20 00:00:00+07:00,4857.42822265625,3677.896484375,2468.159912109375,1553.9434814453125
2024-02-21 00:00:00+07:00,4837.27294921875,3651.688232421875,2405.561767578125,1632.425537109375
2024-02-22 00:00:00+07:00,4796.962890625,3573.0634765625,2432.38916015625,1648.121826171875
2024-02-23 00:00:00+07:00,4756.65234375,3581.7998046875,2405.561767578125,1593.1845703125
2024-02-26 00:00:00+07:00,4756.65234375,3573.0634765625,2316.135498046875,1608.880859375
2024-02-27 00:00:00+07:00,4837.27294921875,3485.70263671875,2342.96337890625,1663.8182373046875
2024-02-28 00:00:00+07:00,4817.1181640625,3485.70263671875,2414.50439453125,1632.425537109375
2024-02-29 00:00:00+07:00,4837.27294921875,3494.4384765625,2441.33203125,1565.7158203125
2024-03-01 00:00:00+07:00,4756.65234375,3424.550048828125,2441.33203125,1557.8675537109375
2024-03-04 00:00:00+07:00,4736.49658203125,3442.022216796875,2387.676513671875,1546.0953369140625
2024-03-05 00:00:00+07:00,4756.65234375,3380.869384765625,2387.676513671875,1538.2469482421875
2024-03-06 00:00:00+07:00,4796.962890625,3407.07763671875,2405.561767578125,1546.0953369140625
2024-03-07 00:00:00+07:00,4817.1181640625,3407.07763671875,2441.33203125,1557.8675537109375
2024-03-08 00:00:00+07:00,4917.89501953125,3372.13330078125,2378.733642578125,1577.488037109375
2024-03-13 00:00:00+07:00,5018.67138671875,3407.07763671875,2432.38916015625,1565.7158203125
2024-03-14 00:00:00+07:00,4958.20458984375,3459.494140625,2405.561767578125,1557.8675537109375
2024-03-15 00:00:00+07:00,4899.49169921875,3468.23046875,2360.8486328125,1557.8675537109375
2024-03-18 00:00:00+07:00,4899.49169921875,3424.550048828125,2477.102783203125,1561.7916259765625
2024-03-19 00:00:00+07:00,4941.728515625,3442.022216796875,2450.274658203125,1565.7158203125
2024-03-20 00:00:00+07:00,4962.84716796875,3433.285888671875,2468.159912109375,1601.0325927734375
2024-03-21 00:00:00+07:00,4899.49169921875,3398.341552734375,2432.38916015625,1601.0325927734375
2024-03-22 00:00:00+07:00,4941.728515625,3407.07763671875,2432.38916015625,1608.880859375
2024-03-25 00:00:00+07:00,5005.08447265625,3258.56396484375,2468.159912109375,1655.9700927734375
2024-03-26 00:00:00+07:00,5026.203125,3162.466796875,2477.102783203125,1687.36279296875
2024-03-27 00:00:00+07:00,5005.08447265625,3048.897705078125,2441.33203125,1726.603759765625
2024-03-28 00:00:00+07:00,4983.9658203125,3031.425537109375,2414.50439453125,1710.9073486328125
2024-04-01 00:00:00+07:00,4772.7802734375,3066.369873046875,2441.33203125,1679.5146484375
2024-04-02 00:00:00+07:00,4624.951171875,3048.897705078125,2450.274658203125,1679.5146484375
2024-04-03 00:00:00+07:00,4498.240234375,2987.7451171875,2405.561767578125,1632.425537109375
2024-04-04 00:00:00+07:00,4519.3583984375,3013.953369140625,2423.44677734375,1655.9700927734375
2024-04-05 00:00:00+07:00,4477.1220703125,2996.481201171875,2396.619140625,1648.121826171875
2024-04-16 00:00:00+07:00,4392.6474609375,2813.023193359375,2271.42236328125,1585.336181640625
2024-04-17 00:00:00+07:00,4434.884765625,2795.551025390625,2119.398193359375,1601.0325927734375
2024-04-18 00:00:00+07:00,4477.1220703125,2839.2314453125,2137.283447265625,1585.336181640625
2024-04-19 00:00:00+07:00,4413.76611328125,2751.870361328125,2128.3408203125,1561.7916259765625
2024-04-22 00:00:00+07:00,4519.3583984375,2769.3427734375,2155.168701171875,1564.0247802734375
2024-04-23 00:00:00+07:00,4434.884765625,2708.18994140625,2083.627685546875,1593.2979736328125
2024-04-24 00:00:00+07:00,4477.1220703125,2655.7734375,2137.283447265625,1572.388671875
2024-04-25 00:00:00+07:00,4477.1220703125,2655.7734375,2360.8486328125,1559.843017578125
2024-04-26 00:00:00+07:00,4350.41064453125,2647.037109375,2316.135498046875,1505.4783935546875
2024-04-29 00:00:00+07:00,4413.76611328125,2690.7177734375,2316.135498046875,1538.93359375
2024-04-30 00:00:00+07:00,4434.884765625,2769.3427734375,2342.96337890625,1597.47998046875
2024-05-02 00:00:00+07:00,4080.093994140625,2725.662109375,2360.8486328125,1568.2066650390625
2024-05-03 00:00:00+07:00,4080.093994140625,2760.6064453125,2325.078369140625,1530.5697021484375
2024-05-06 00:00:00+07:00,4063.19921875,2664.50927734375,2325.078369140625,1509.660400390625
2024-05-07 00:00:00+07:00,3970.27783203125,2699.453857421875,2271.42236328125,1526.387939453125
2024-05-08 00:00:00+07:00,3944.935546875,2690.7177734375,2289.3076171875,1497.1146240234375
2024-05-13 00:00:00+07:00,4037.85693359375,2699.453857421875,2369.791259765625,1534.751708984375
2024-05-14 00:00:00+07:00,4164.56787109375,2725.662109375,2414.50439453125,1538.93359375
2024-05-15 00:00:00+07:00,4244.81787109375,2708.18994140625,2396.619140625,1564.0247802734375
2024-05-16 00:00:00+07:00,4392.6474609375,2790.232177734375,2414.50439453125,1584.934326171875
2024-05-17 00:00:00+07:00,4371.529296875,2771.692626953125,2423.44677734375,1568.2066650390625
2024-05-20 00:00:00+07:00,4206.80517578125,2771.692626953125,2414.50439453125,1555.6610107421875
2024-05-21 00:00:00+07:00,4029.409423828125,2734.613037109375,2602.298828125,1526.387939453125
2024-05-22 00:00:00+07:00,4020.962158203125,2725.34326171875,2736.438232421875,1538.93359375
2024-05-27 00:00:00+07:00,3944.935546875,2604.834716796875,2915.29052734375,1526.387939453125
2024-05-28 00:00:00+07:00,3978.725341796875,2651.18408203125,2933.175537109375,1530.5697021484375
2024-05-29 00:00:00+07:00,3826.672119140625,2604.834716796875,2691.725341796875,1488.7509765625
2024-05-30 00:00:00+07:00,3792.88232421875,2604.834716796875,2781.1513671875,1463.65966796875
2024-05-31 00:00:00+07:00,3716.855712890625,2688.263671875,2790.09375,1421.8406982421875
2024-06-03 00:00:00+07:00,3902.698486328125,2716.0732421875,2754.323486328125,1463.65966796875
2024-06-04 00:00:00+07:00,3919.59326171875,2780.96240234375,2799.036376953125,1459.4776611328125
2024-06-05 00:00:00+07:00,3894.2509765625,2836.58154296875,2745.380859375,1446.9320068359375
2024-06-06 00:00:00+07:00,4029.409423828125,2827.311767578125,2754.323486328125,1455.2958984375
2024-06-07 00:00:00+07:00,3970.27783203125,2827.311767578125,2691.725341796875,1455.2958984375
2024-06-10 00:00:00+07:00,3894.2509765625,2790.232177734375,2745.380859375,1438.568359375
2024-06-11 00:00:00+07:00,3784.43505859375,2669.723876953125,2736.438232421875,1413.47705078125
2024-06-12 00:00:00+07:00,3742.197998046875,2706.803466796875,2736.438232421875,1405.11328125
2024-06-13 00:00:00+07:00,3784.43505859375,2632.64453125,2736.438232421875,1388.3856201171875
2024-06-14 00:00:00+07:00,3640.8291015625,2521.406005859375,2861.634765625,1375.8399658203125
2024-06-19 00:00:00+07:00,3632.381591796875,2623.37451171875,2745.380859375,1367.476318359375
2024-06-20 00:00:00+07:00,3716.855712890625,2632.64453125,2718.552734375,1392.567626953125
2024-06-21 00:00:00+07:00,3835.11962890625,2734.613037109375,2673.840087890625,1430.20458984375
2024-06-24 00:00:00+07:00,3835.11962890625,2734.613037109375,2691.725341796875,1421.8406982421875
2024-06-25 00:00:00+07:00,3784.43505859375,2771.692626953125,2691.725341796875,1421.8406982421875
2024-06-26 00:00:00+07:00,3733.750732421875,2780.96240234375,2691.725341796875,1426.022705078125
2024-06-27 00:00:00+07:00,3868.90869140625,2808.77197265625,2754.323486328125,1434.3863525390625
2024-06-28 00:00:00+07:00,3936.48828125,2901.470703125,2700.66796875,1472.0233154296875
2024-07-01 00:00:00+07:00,3978.725341796875,2864.391357421875,2716.267822265625,1472.0233154296875
2024-07-02 00:00:00+07:00,3978.725341796875,2818.0419921875,2725.444580078125,1455.2958984375
2024-07-03 00:00:00+07:00,3928.040771484375,2808.77197265625,2697.91455078125,1472.0233154296875
2024-07-04 00:00:00+07:00,3978.725341796875,2743.8828125,2679.5615234375,1480.3870849609375
2024-07-05 00:00:00+07:00,3970.27783203125,2799.502197265625,2670.384765625,1497.1146240234375
2024-07-08 00:00:00+07:00,3944.935546875,2855.121337890625,2798.857177734375,1497.1146240234375
2024-07-09 00:00:00+07:00,4105.4365234375,2855.121337890625,2752.974365234375,1509.660400390625
2024-07-10 00:00:00+07:00,4071.646728515625,2929.280517578125,2716.267822265625,1497.1146240234375
2024-07-11 00:00:00+07:00,4113.88330078125,2947.820068359375,2661.20849609375,1497.1146240234375
2024-07-12 00:00:00+07:00,4244.81787109375,2984.899658203125,2679.5615234375,1513.84228515625
2024-07-15 00:00:00+07:00,4244.81787109375,2929.280517578125,2688.738037109375,1501.296630859375
2024-07-16 00:00:00+07:00,4206.80517578125,2873.6611328125,2578.619140625,1492.9327392578125
2024-07-17 00:00:00+07:00,4223.69970703125,3012.709228515625,2624.501953125,1488.7509765625
2024-07-18 00:00:00+07:00,4287.05517578125,2975.6298828125,2569.442626953125,1501.296630859375
2024-07-19 00:00:00+07:00,4308.173828125,2910.74072265625,2569.442626953125,1509.660400390625
2024-07-22 00:00:00+07:00,4308.173828125,2873.6611328125,2514.383056640625,1513.84228515625
2024-07-23 00:00:00+07:00,4265.9365234375,2929.280517578125,2505.206298828125,1505.4783935546875
2024-07-24 00:00:00+07:00,4308.173828125,2836.58154296875,2496.02978515625,1497.1146240234375
2024-07-25 00:00:00+07:00,4244.81787109375,2864.391357421875,2284.968505859375,1488.7509765625
2024-07-26 00:00:00+07:00,4223.69970703125,2873.6611328125,2284.968505859375,1484.5689697265625
2024-07-29 00:00:00+07:00,4244.81787109375,2827.311767578125,2257.43896484375,1492.9327392578125
2024-07-30 00:00:00+07:00,4181.462890625,2669.723876953125,2229.9091796875,1547.29736328125
2024-07-31 00:00:00+07:00,4198.357421875,2669.723876953125,2239.085693359375,1538.93359375
2024-08-01 00:00:00+07:00,4287.05517578125,2669.723876953125,2294.14501953125,1538.93359375
2024-08-02 00:00:00+07:00,4308.173828125,2641.914306640625,2229.9091796875,1547.29736328125
2024-08-05 00:00:00+07:00,4189.91015625,2586.294921875,2211.555908203125,1476.205322265625
2024-08-06 00:00:00+07:00,4244.81787109375,2586.294921875,2257.43896484375,1497.1146240234375
2024-08-07 00:00:00+07:00,4223.69970703125,2614.104736328125,2275.7919921875,1488.7509765625
2024-08-08 00:00:00+07:00,4244.81787109375,2641.914306640625,2257.43896484375,1480.3870849609375
2024-08-09 00:00:00+07:00,4329.29248046875,2623.37451171875,2257.43896484375,1492.9327392578125
2024-08-12 00:00:00+07:00,4329.29248046875,2660.4541015625,2257.43896484375,1488.7509765625
2024-08-13 00:00:00+07:00,4371.529296875,2641.914306640625,2248.26220703125,1497.1146240234375
2024-08-14 00:00:00+07:00,4456.00341796875,2651.18408203125,2229.9091796875,1522.2060546875
2024-08-15 00:00:00+07:00,4434.884765625,2660.4541015625,2184.0263671875,1505.4783935546875
2024-08-16 00:00:00+07:00,4477.1220703125,2743.8828125,2193.202880859375,1513.84228515625
2024-08-19 00:00:00+07:00,4519.3583984375,2716.0732421875,2165.673095703125,1518.0240478515625
2024-08-20 00:00:00+07:00,4624.951171875,2762.422607421875,2174.849609375,1534.751708984375
2024-08-21 00:00:00+07:00,4603.8330078125,2753.15283203125,2165.673095703125,1580.7523193359375
2024-08-22 00:00:00+07:00,4456.00341796875,2706.803466796875,2156.496337890625,1559.843017578125
2024-08-23 00:00:00+07:00,4603.8330078125,2734.613037109375,2156.496337890625,1584.934326171875
2024-08-26 00:00:00+07:00,4667.18798828125,2762.422607421875,2156.496337890625,1597.47998046875
2024-08-27 00:00:00+07:00,4561.595703125,2771.692626953125,2101.436767578125,1589.1160888671875
2024-08-28 00:00:00+07:00,4540.47705078125,2762.422607421875,2064.730712890625,1589.1160888671875
2024-08-29 00:00:00+07:00,4477.1220703125,2808.77197265625,2055.553955078125,1568.2066650390625
2024-08-30 00:00:00+07:00,4519.3583984375,2836.58154296875,2083.083984375,1572.388671875
2024-09-02 00:00:00+07:00,4519.3583984375,2910.74072265625,2101.436767578125,1589.1160888671875
2024-09-03 00:00:00+07:00,4540.47705078125,2855.121337890625,2064.730712890625,1576.5704345703125
2024-09-04 00:00:00+07:00,4519.3583984375,2855.121337890625,2055.553955078125,1564.0247802734375
2024-09-05 00:00:00+07:00,4603.8330078125,2799.502197265625,2037.2008056640625,1589.1160888671875
2024-09-06 00:00:00+07:00,4772.7802734375,2818.0419921875,2037.2008056640625,1584.934326171875
2024-09-09 00:00:00+07:00,4836.13623046875,2808.77197265625,2009.6712646484375,1580.7523193359375
2024-09-10 00:00:00+07:00,4815.017578125,2808.77197265625,2028.0244140625,1630.93505859375
2024-09-11 00:00:00+07:00,4772.7802734375,2818.0419921875,2009.6712646484375,1630.93505859375
2024-09-12 00:00:00+07:00,4730.5439453125,2827.311767578125,2037.2008056640625,1635.116943359375
2024-09-13 00:00:00+07:00,4751.66259765625,2882.930908203125,2018.847900390625,1622.5712890625
2024-09-17 00:00:00+07:00,4772.7802734375,2864.391357421875,2000.49462890625,1614.2073974609375
2024-09-18 00:00:00+07:00,4815.017578125,2892.200927734375,2028.0244140625,1660.2081298828125
2024-09-19 00:00:00+07:00,4920.60986328125,2910.74072265625,2018.847900390625,1668.572021484375
2024-09-20 00:00:00+07:00,4857.2548828125,2920.010498046875,1991.3179931640625,1660.2081298828125
2024-09-23 00:00:00+07:00,4899.49169921875,2938.55029296875,2028.0244140625,1664.3900146484375
2024-09-24 00:00:00+07:00,4899.49169921875,2929.280517578125,2073.9072265625,1668.572021484375
2024-09-25 00:00:00+07:00,4730.5439453125,2957.090087890625,2110.613525390625,1618.389404296875
2024-09-26 00:00:00+07:00,4730.5439453125,2938.55029296875,2110.613525390625,1614.2073974609375
2024-09-27 00:00:00+07:00,4603.8330078125,2827.311767578125,2083.083984375,1601.6617431640625
2024-09-30 00:00:00+07:00,4519.3583984375,2771.692626953125,2028.0244140625,1572.388671875
2024-10-01 00:00:00+07:00,4540.47705078125,2799.502197265625,2028.0244140625,1576.5704345703125
2024-10-02 00:00:00+07:00,4519.3583984375,2706.803466796875,1991.3179931640625,1564.0247802734375
2024-10-03 00:00:00+07:00,4540.47705078125,2678.993896484375,2009.6712646484375,1559.843017578125
2024-10-04 00:00:00+07:00,4498.240234375,2669.723876953125,1991.3179931640625,1547.29736328125
2024-10-07 00:00:00+07:00,4392.6474609375,2688.263671875,2083.083984375,1530.5697021484375
2024-10-08 00:00:00+07:00,4519.3583984375,2771.692626953125,2119.7900390625,1564.0247802734375
2024-10-09 00:00:00+07:00,4498.240234375,2743.8828125,2092.26025390625,1576.5704345703125
2024-10-10 00:00:00+07:00,4498.240234375,2734.613037109375,2092.26025390625,1564.0247802734375
2024-10-11 00:00:00+07:00,4540.47705078125,2725.34326171875,2083.083984375,1568.2066650390625
2024-10-14 00:00:00+07:00,4582.71435546875,2688.263671875,2128.966552734375,1559.843017578125
2024-10-15 00:00:00+07:00,4646.0693359375,2725.34326171875,2156.496337890625,1580.7523193359375
2024-10-16 00:00:00+07:00,4624.951171875,2780.96240234375,2239.085693359375,1618.389404296875
2024-10-17 00:00:00+07:00,4646.0693359375,2818.0419921875,2174.849609375,1597.47998046875
2024-10-18 00:00:00+07:00,4772.7802734375,2873.6611328125,2138.143310546875,1597.47998046875
2024-10-21 00:00:00+07:00,4751.66259765625,2873.6611328125,2138.143310546875,1593.2979736328125
2024-10-22 00:00:00+07:00,4772.7802734375,2790.232177734375,2128.966552734375,1597.47998046875
2024-10-23 00:00:00+07:00,4793.89892578125,2725.34326171875,2138.143310546875,1593.2979736328125
2024-10-24 00:00:00+07:00,4751.66259765625,2688.263671875,1954.611572265625,1601.6617431640625
2024-10-25 00:00:00+07:00,4772.7802734375,2697.533447265625,1927.08203125,1584.934326171875
2024-10-28 00:00:00+07:00,4646.0693359375,2706.803466796875,1853.6693115234375,1572.388671875
2024-10-29 00:00:00+07:00,4477.1220703125,2688.263671875,1853.6693115234375,1551.4791259765625
2024-10-30 00:00:00+07:00,4413.76611328125,2688.263671875,1798.6097412109375,1564.0247802734375
2024-10-31 00:00:00+07:00,4434.884765625,2614.104736328125,1803.1981201171875,1564.0247802734375
2024-11-01 00:00:00+07:00,4392.6474609375,2577.025146484375,1794.021484375,1526.387939453125
2024-11-04 00:00:00+07:00,4477.1220703125,2595.56494140625,1716.0205078125,1551.4791259765625
2024-11-05 00:00:00+07:00,4561.595703125,2567.75537109375,1633.4312744140625,1538.93359375
2024-11-06 00:00:00+07:00,4329.29248046875,2539.945556640625,1610.4898681640625,1518.0240478515625
2024-11-07 00:00:00+07:00,4244.81787109375,2558.4853515625,1592.13671875,1509.660400390625
2024-11-08 00:00:00+07:00,4206.80517578125,2549.215576171875,1615.0782470703125,1497.1146240234375
2024-11-11 00:00:00+07:00,4215.25244140625,2493.59619140625,1596.7249755859375,1497.1146240234375
2024-11-12 00:00:00+07:00,4164.56787109375,2410.16748046875,1674.7259521484375,1492.9327392578125
2024-11-13 00:00:00+07:00,4189.91015625,2391.627685546875,1651.7845458984375,1501.296630859375
2024-11-14 00:00:00+07:00,4181.462890625,2345.2783203125,1624.2547607421875,1488.7509765625
2024-11-15 00:00:00+07:00,4147.6728515625,2354.548095703125,1693.0791015625,1492.9327392578125
2024-11-18 00:00:00+07:00,4113.88330078125,2400.8974609375,1670.1376953125,1480.3870849609375
2024-11-19 00:00:00+07:00,4096.98876953125,2577.025146484375,1656.372802734375,1480.3870849609375
2024-11-20 00:00:00+07:00,4096.98876953125,2484.326416015625,1656.372802734375,1480.3870849609375
2024-11-21 00:00:00+07:00,3987.17236328125,2567.75537109375,1596.7249755859375,1455.2958984375
2024-11-22 00:00:00+07:00,4088.54150390625,2549.215576171875,1647.1961669921875,1476.205322265625
2024-11-25 00:00:00+07:00,4215.25244140625,2539.945556640625,1757.3153076171875,1497.1146240234375
2024-11-26 00:00:00+07:00,4181.462890625,2512.135986328125,1716.0205078125,1480.3870849609375
2024-11-28 00:00:00+07:00,4244.81787109375,2521.406005859375,1729.785400390625,1476.205322265625
2024-11-29 00:00:00+07:00,4206.80517578125,2512.135986328125,1711.4322509765625,1467.8414306640625
2024-12-02 00:00:00+07:00,3978.725341796875,2484.326416015625,1720.60888671875,1451.114013671875
2024-12-03 00:00:00+07:00,4037.85693359375,2614.104736328125,1720.60888671875,1459.4776611328125
2024-12-04 00:00:00+07:00,4181.462890625,2632.64453125,1752.7269287109375,1472.0233154296875
2024-12-05 00:00:00+07:00,4071.646728515625,2567.75537109375,1758.353515625,1484.5689697265625
2024-12-06 00:00:00+07:00,4105.4365234375,2558.4853515625,1753.6646728515625,1488.7509765625
2024-12-09 00:00:00+07:00,4223.69970703125,2539.945556640625,1777.1094970703125,1522.2060546875
2024-12-10 00:00:00+07:00,4308.173828125,2567.75537109375,1875.5772705078125,1505.4783935546875
2024-12-11 00:00:00+07:00,4287.05517578125,2651.18408203125,1823.998779296875,1492.9327392578125
2024-12-12 00:00:00+07:00,4122.33056640625,2614.104736328125,1786.4873046875,1492.9327392578125
2024-12-13 00:00:00+07:00,3995.619873046875,2586.294921875,1753.6646728515625,1480.3870849609375
2024-12-16 00:00:00+07:00,3919.59326171875,2465.78662109375,1711.4642333984375,1472.0233154296875
2024-12-17 00:00:00+07:00,3775.987548828125,2428.707275390625,1650.5079345703125,1455.2958984375
2024-12-18 00:00:00+07:00,3742.197998046875,2382.35791015625,1692.70849609375,1451.114013671875
2024-12-19 00:00:00+07:00,3640.8291015625,2345.2783203125,1659.8857421875,1396.7493896484375
2024-12-20 00:00:00+07:00,3598.59228515625,2363.818115234375,1641.1300048828125,1405.11328125
2024-12-23 00:00:00+07:00,3699.9609375,2456.516845703125,1673.95263671875,1426.022705078125
2024-12-24 00:00:00+07:00,3699.9609375,2539.945556640625,1669.263671875,1430.20458984375
2024-12-27 00:00:00+07:00,3683.066162109375,2549.215576171875,1725.531005859375,1442.750244140625
2024-12-30 00:00:00+07:00,3674.618896484375,2512.135986328125,1767.7314453125,1446.9320068359375
2025-01-02 00:00:00+07:00,3877.356201171875,2502.8662109375,1720.842041015625,1484.5689697265625
2025-01-03 00:00:00+07:00,3835.11962890625,2549.215576171875,1664.57470703125,1480.3870849609375
2025-01-06 00:00:00+07:00,3742.197998046875,2493.59619140625,1636.4410400390625,1455.2958984375
2025-01-07 00:00:00+07:00,3683.066162109375,2382.35791015625,1669.263671875,1455.2958984375
2025-01-08 00:00:00+07:00,3691.513427734375,2456.516845703125,1617.685302734375,1442.750244140625
2025-01-09 00:00:00+07:00,3699.9609375,2428.707275390625,1584.86279296875,1459.4776611328125
2025-01-10 00:00:00+07:00,3674.618896484375,2484.326416015625,1598.9295654296875,1446.9320068359375
2025-01-13 00:00:00+07:00,3556.355224609375,2475.056640625,1612.9964599609375,1430.20458984375
2025-01-14 00:00:00+07:00,3488.776123046875,2428.707275390625,1636.4410400390625,1426.022705078125
2025-01-15 00:00:00+07:00,3725.30322265625,2437.97705078125,1627.063232421875,1446.9320068359375
2025-01-16 00:00:00+07:00,3801.329833984375,2400.8974609375,1673.95263671875,1463.65966796875
2025-01-17 00:00:00+07:00,3775.987548828125,2465.78662109375,1678.6414794921875,1472.0233154296875
2025-01-20 00:00:00+07:00,3902.698486328125,2419.437255859375,1641.1300048828125,1459.4776611328125
2025-01-21 00:00:00+07:00,4004.067138671875,2437.97705078125,1622.374267578125,1472.0233154296875
2025-01-22 00:00:00+07:00,4046.304443359375,2530.67578125,1589.5517578125,1455.2958984375
2025-01-23 00:00:00+07:00,3928.040771484375,2512.135986328125,1631.752197265625,1459.4776611328125
2025-01-24 00:00:00+07:00,3894.2509765625,2493.59619140625,1584.86279296875,1451.114013671875
2025-01-30 00:00:00+07:00,3919.59326171875,2447.246826171875,1547.3511962890625,1442.750244140625
2025-01-31 00:00:00+07:00,4029.409423828125,2465.78662109375,1528.595458984375,1451.114013671875
2025-02-03 00:00:00+07:00,4037.85693359375,2437.97705078125,1481.7059326171875,1451.114013671875
2025-02-04 00:00:00+07:00,3970.27783203125,2447.246826171875,1467.63916015625,1442.750244140625
2025-02-05 00:00:00+07:00,3801.329833984375,2428.707275390625,1467.63916015625,1442.750244140625
2025-02-06 00:00:00+07:00,3623.934326171875,2373.087890625,1416.060791015625,1409.2950439453125
2025-02-07 00:00:00+07:00,3607.03955078125,2400.8974609375,1336.3487548828125,1434.3863525390625
2025-02-10 00:00:00+07:00,3505.670654296875,2261.849365234375,1411.371826171875,1400.9312744140625
2025-02-11 00:00:00+07:00,3438.091552734375,2150.61083984375,1336.3487548828125,1405.11328125
2025-02-12 00:00:00+07:00,3632.381591796875,2298.928955078125,1289.459228515625,1413.47705078125
2025-02-13 00:00:00+07:00,3590.144775390625,2243.3095703125,1326.9708251953125,1413.47705078125
2025-02-14 00:00:00+07:00,3691.513427734375,2345.2783203125,1373.8602294921875,1426.022705078125
2025-02-17 00:00:00+07:00,3860.46142578125,2456.516845703125,1350.41552734375,1438.568359375
2025-02-18 00:00:00+07:00,4012.5146484375,2484.326416015625,1359.79345703125,1434.3863525390625
2025-02-19 00:00:00+07:00,3818.224609375,2475.056640625,1289.459228515625,1417.658935546875
2025-02-20 00:00:00+07:00,3767.5400390625,2475.056640625,1266.0145263671875,1438.568359375
2025-02-21 00:00:00+07:00,3632.381591796875,2456.516845703125,1209.747314453125,1442.750244140625
2025-02-24 00:00:00+07:00,3547.907958984375,2410.16748046875,1186.302490234375,1417.658935546875
2025-02-25 00:00:00+07:00,3573.25,2280.38916015625,1078.4569091796875,1400.9312744140625
2025-02-26 00:00:00+07:00,3674.618896484375,2336.00830078125,1125.3463134765625,1392.567626953125
2025-02-27 00:00:00+07:00,3666.17138671875,2308.19873046875,1125.3463134765625,1371.658203125
2025-02-28 00:00:00+07:00,3404.302001953125,2178.420654296875,951.8554077148438,1350.7486572265625
2025-03-03 00:00:00+07:00,3598.59228515625,2224.77001953125,1055.01220703125,1388.3856201171875
2025-03-04 00:00:00+07:00,3564.802490234375,2206.230224609375,1022.1896362304688,1359.112548828125
2025-03-05 00:00:00+07:00,3767.5400390625,2271.119384765625,1050.3232421875,1384.2037353515625
2025-03-06 00:00:00+07:00,3877.356201171875,2224.77001953125,1069.0789794921875,1392.567626953125
2025-03-07 00:00:00+07:00,3835.11962890625,2234.039794921875,1125.3463134765625,1400.9312744140625
2025-03-10 00:00:00+07:00,3759.0927734375,2215.5,1106.590576171875,1388.3856201171875
2025-03-11 00:00:00+07:00,3759.0927734375,2196.960205078125,1115.968505859375,1392.567626953125
2025-03-12 00:00:00+07:00,3826.672119140625,2271.119384765625,1078.4569091796875,1409.2950439453125
2025-03-13 00:00:00+07:00,3826.672119140625,2252.57958984375,1181.6136474609375,1392.567626953125
2025-03-14 00:00:00+07:00,3742.197998046875,2243.3095703125,1219.125244140625,1384.2037353515625
2025-03-17 00:00:00+07:00,3657.723876953125,2243.3095703125,1280.0814208984375,1392.567626953125
2025-03-18 00:00:00+07:00,3539.46044921875,2243.3095703125,1275.3924560546875,1363.2943115234375
2025-03-19 00:00:00+07:00,3522.565673828125,2252.57958984375,1275.3924560546875,1363.2943115234375
2025-03-20 00:00:00+07:00,3446.5390625,2215.5,1223.8140869140625,1359.112548828125
2025-03-21 00:00:00+07:00,3184.669677734375,2141.341064453125,1214.436279296875,1371.658203125
2025-03-24 00:00:00+07:00,3142.4326171875,2159.880859375,1172.2357177734375,1354.9306640625
2025-03-25 00:00:00+07:00,3294.48583984375,2169.150634765625,1167.5467529296875,1384.2037353515625
2025-03-26 00:00:00+07:00,3590.144775390625,2261.849365234375,1162.8577880859375,1405.11328125
2025-03-27 00:00:00+07:00,3581.697265625,2234.039794921875,1186.302490234375,1417.658935546875
2025-04-08 00:00:00+07:00,3404.302001953125,2122.80126953125,1106.590576171875,1338.2030029296875
2025-04-09 00:00:00+07:00,3412.74951171875,2150.61083984375,1083.145751953125,1363.2943115234375
2025-04-10 00:00:00+07:00,3598.59228515625,2178.420654296875,1205.058349609375,1413.47705078125
2025-04-11 00:00:00+07:00,3708.408447265625,2159.880859375,1228.5030517578125,1455.2958984375
2025-04-14 00:00:00+07:00,3843.56689453125,2252.57958984375,1275.3924560546875,1492.9327392578125
2025-04-15 00:00:00+07:00,3939.342041015625,2271.119384765625,1247.2587890625,1526.387939453125
2025-04-16 00:00:00+07:00,3773.668701171875,2298.928955078125,1237.8809814453125,1513.84228515625
2025-04-17 00:00:00+07:00,3718.4443359375,2363.818115234375,1237.8809814453125,1518.0240478515625
2025-04-21 00:00:00+07:00,3672.423828125,2382.35791015625,1261.32568359375,1522.2060546875
2025-04-22 00:00:00+07:00,3690.83203125,2363.818115234375,1298.8372802734375,1526.387939453125
2025-04-23 00:00:00+07:00,3819.68896484375,2437.97705078125,1336.3487548828125,1551.4791259765625
2025-04-24 00:00:00+07:00,3838.09716796875,2437.97705078125,1401.9940185546875,1579.5364990234375
2025-04-25 00:00:00+07:00,3865.70947265625,2410.16748046875,1641.1300048828125,1584.1015625
2025-04-28 00:00:00+07:00,3856.50537109375,2373.087890625,1561.41796875,1579.5364990234375
2025-04-29 00:00:00+07:00,3810.48486328125,2400.8974609375,1575.4847412109375,1616.0576171875
2025-04-30 00:00:00+07:00,3847.30126953125,2447.246826171875,1608.3074951171875,1597.7969970703125
2025-05-02 00:00:00+07:00,3865.70947265625,2484.326416015625,1645.8189697265625,1588.666748046875
2025-05-05 00:00:00+07:00,3874.91357421875,2502.8662109375,1664.57470703125,1588.666748046875
2025-05-06 00:00:00+07:00,3847.30126953125,2484.326416015625,1720.842041015625,1579.5364990234375
2025-05-07 00:00:00+07:00,3828.89306640625,2428.707275390625,1697.3973388671875,1579.5364990234375
2025-05-08 00:00:00+07:00,3792.076904296875,2382.35791015625,1669.263671875,1565.841064453125
2025-05-09 00:00:00+07:00,3773.668701171875,2410.16748046875,1669.263671875,1561.2760009765625
2025-05-14 00:00:00+07:00,4022.178466796875,2400.8974609375,1673.95263671875,1643.4483642578125
2025-05-15 00:00:00+07:00,4141.83154296875,2465.78662109375,1678.6414794921875,1643.4483642578125
2025-05-16 00:00:00+07:00,4141.83154296875,2539.945556640625,1655.19677734375,1652.57861328125
2025-05-19 00:00:00+07:00,4105.01513671875,2614.104736328125,1655.19677734375,1648.0135498046875
2025-05-20 00:00:00+07:00,4095.81103515625,2539.945556640625,1603.6185302734375,1643.4483642578125
2025-05-21 00:00:00+07:00,4160.23974609375,2549.215576171875,1650.5079345703125,1661.7088623046875
2025-05-22 00:00:00+07:00,4114.21923828125,2595.56494140625,1702.0863037109375,1652.57861328125
2025-05-23 00:00:00+07:00,4151.03564453125,2493.59619140625,1673.95263671875,1648.0135498046875
2025-05-26 00:00:00+07:00,4141.83154296875,2595.56494140625,1655.19677734375,1634.318115234375
2025-05-27 00:00:00+07:00,4169.44384765625,2623.37451171875,1631.752197265625,1629.7529296875
2025-05-28 00:00:00+07:00,4132.62744140625,2614.104736328125,1622.374267578125,1625.1878662109375
2025-06-02 00:00:00+07:00,4022.178466796875,2577.025146484375,1622.374267578125,1584.1015625
2025-06-03 00:00:00+07:00,4022.178466796875,2595.56494140625,1584.86279296875,1570.40625
2025-06-04 00:00:00+07:00,3957.75,2614.104736328125,1542.6622314453125,1579.5364990234375
2025-06-05 00:00:00+07:00,4068.198974609375,2632.64453125,1523.906494140625,1565.841064453125
2025-06-10 00:00:00+07:00,4160.23974609375,2697.533447265625,1519.217529296875,1574.9713134765625
2025-06-11 00:00:00+07:00,4178.64794921875,2800.0,1514.528564453125,1579.5364990234375
2025-06-12 00:00:00+07:00,4178.64794921875,2780.0,1523.906494140625,1584.1015625
2025-06-13 00:00:00+07:00,4178.64794921875,2740.0,1462.9501953125,1579.5364990234375
2025-06-16 00:00:00+07:00,4049.790771484375,2740.0,1450.3802490234375,1574.9713134765625
2025-06-17 00:00:00+07:00,4012.974609375,2760.0,1431.041748046875,1570.40625
2025-06-18 00:00:00+07:00,3957.75,2770.0,1421.37255859375,1556.7108154296875
2025-06-19 00:00:00+07:00,3801.281005859375,2690.0,1402.0341796875,1533.8851318359375
2025-06-20 00:00:00+07:00,3782.872802734375,2640.0,1334.3497314453125,1529.3199462890625
2025-06-23 00:00:00+07:00,3736.852294921875,2580.0,1319.845947265625,1506.494384765625
2025-06-24 00:00:00+07:00,3810.48486328125,2590.0,1397.1995849609375,1524.7548828125
2025-06-25 00:00:00+07:00,3782.872802734375,2620.0,1406.8687744140625,1520.189697265625
2025-06-26 00:00:00+07:00,3792.076904296875,2710.0,1411.703369140625,1524.7548828125
2025-06-30 00:00:00+07:00,3792.076904296875,2780.0,1402.0341796875,1520.189697265625
2025-07-01 00:00:00+07:00,3690.83203125,2810.0,1421.37255859375,1524.7548828125
2025-07-02 00:00:00+07:00,3700.0361328125,2780.0,1421.37255859375,1524.7548828125
2025-07-03 00:00:00+07:00,3654.015869140625,2710.0,1542.2376708984375,1529.3199462890625
2025-07-04 00:00:00+07:00,3681.6279296875,2630.0,1493.8916015625,1520.189697265625
2025-07-07 00:00:00+07:00,3681.6279296875,2700.0,1508.3953857421875,1529.3199462890625
2025-07-08 00:00:00+07:00,3654.015869140625,2650.0,1469.7186279296875,1529.3199462890625
2025-07-09 00:00:00+07:00,3681.6279296875,2670.0,1464.884033203125,1552.1456298828125
2025-07-10 00:00:00+07:00,3782.872802734375,2690.0,1527.7337646484375,1556.7108154296875
2025-07-11 00:00:00+07:00,3847.30126953125,2730.0,1522.899169921875,1565.841064453125
2025-07-14 00:00:00+07:00,3718.4443359375,2690.0,1522.899169921875,1552.1456298828125
2025-07-15 00:00:00+07:00,3727.6484375,2640.0,1518.0645751953125,1552.1456298828125
2025-07-16 00:00:00+07:00,3801.281005859375,2650.0,1508.3953857421875,1565.841064453125
2025-07-17 00:00:00+07:00,3782.872802734375,2770.0,1522.899169921875,1565.841064453125
2025-07-18 00:00:00+07:00,3792.076904296875,2770.0,1460.0494384765625,1565.841064453125
2025-07-21 00:00:00+07:00,3746.056396484375,2800.0,1498.7261962890625,1561.2760009765625
2025-07-22 00:00:00+07:00,3727.6484375,2850.0,1518.0645751953125,1552.1456298828125
2025-07-23 00:00:00+07:00,3773.668701171875,2850.0,1518.0645751953125,1556.7108154296875
2025-07-24 00:00:00+07:00,3884.117431640625,2840.0,1532.568359375,1588.666748046875
2025-07-25 00:00:00+07:00,3764.464599609375,2820.0,1493.8916015625,1574.9713134765625
2025-07-28 00:00:00+07:00,3874.91357421875,2860.0,1503.560791015625,1574.9713134765625
2025-07-29 00:00:00+07:00,3819.68896484375,2880.0,1503.560791015625,1574.9713134765625
2025-07-30 00:00:00+07:00,3792.076904296875,2880.0,1479.3878173828125,1556.7108154296875
2025-07-31 00:00:00+07:00,3690.83203125,2880.0,1653.4334716796875,1556.7108154296875
2025-08-01 00:00:00+07:00,3690.83203125,2980.0,1711.4486083984375,1552.1456298828125
2025-08-04 00:00:00+07:00,3690.83203125,3030.0,1701.7794189453125,1547.58056640625
2025-08-05 00:00:00+07:00,3884.117431640625,3030.0,1740.456298828125,1552.1456298828125
2025-08-06 00:00:00+07:00,3773.668701171875,2990.0,1677.6064453125,1547.58056640625
2025-08-07 00:00:00+07:00,3792.076904296875,2950.0,1706.614013671875,1547.58056640625
2025-08-08 00:00:00+07:00,3746.056396484375,2940.0,1692.1102294921875,1552.1456298828125
2025-08-11 00:00:00+07:00,3865.70947265625,2990.0,1701.7794189453125,1556.7108154296875
2025-08-12 00:00:00+07:00,4012.974609375,3180.0,1730.7869873046875,1574.9713134765625
2025-08-13 00:00:00+07:00,4022.178466796875,3360.0,1725.952392578125,1579.5364990234375
2025-08-14 00:00:00+07:00,4040.586669921875,3420.0,1769.4638671875,1574.9713134765625
2025-08-15 00:00:00+07:00,4022.178466796875,3310.0,1692.1102294921875,1565.841064453125
2025-08-19 00:00:00+07:00,3985.3623046875,3250.0,1769.4638671875,1570.40625
2025-08-20 00:00:00+07:00,4077.403076171875,3220.0,1745.2908935546875,1588.666748046875
2025-08-21 00:00:00+07:00,4132.62744140625,3250.0,1754.9600830078125,1574.9713134765625
2025-08-22 00:00:00+07:00,4040.586669921875,3240.0,1711.4486083984375,1574.9713134765625
2025-08-25 00:00:00+07:00,4095.81103515625,3310.0,1716.283203125,1579.5364990234375
2025-08-26 00:00:00+07:00,4178.64794921875,3260.0,1730.7869873046875,1574.9713134765625
2025-08-27 00:00:00+07:00,4095.81103515625,3170.0,1696.94482421875,1574.9713134765625
2025-08-28 00:00:00+07:00,4105.01513671875,3180.0,1692.1102294921875,1570.40625
2025-08-29 00:00:00+07:00,4031.382568359375,3130.0,1643.7642822265625,1552.1456298828125
2025-09-01 00:00:00+07:00,3976.158203125,3110.0,1643.7642822265625,1552.1456298828125
2025-09-02 00:00:00+07:00,3966.9541015625,3070.0,1643.7642822265625,1547.58056640625
2025-09-03 00:00:00+07:00,4058.994873046875,3110.0,1653.4334716796875,1547.58056640625
2025-09-04 00:00:00+07:00,4022.178466796875,3150.0,1648.598876953125,1561.2760009765625
2025-09-08 00:00:00+07:00,3847.30126953125,3090.0,1638.9296875,1556.7108154296875
2025-09-09 00:00:00+07:00,3755.260498046875,3050.0,1600.2528076171875,1543.015380859375
2025-09-10 00:00:00+07:00,3773.668701171875,3150.0,1643.7642822265625,1547.58056640625
2025-09-11 00:00:00+07:00,4068.198974609375,3080.0,1663.1026611328125,1556.7108154296875
2025-09-12 00:00:00+07:00,4160.23974609375,3100.0,1638.9296875,1565.841064453125
2025-09-15 00:00:00+07:00,4058.994873046875,3260.0,1634.0950927734375,1579.5364990234375
2025-09-16 00:00:00+07:00,4022.178466796875,3300.0,1682.4410400390625,1574.9713134765625
2025-09-17 00:00:00+07:00,4095.81103515625,3340.0,1677.6064453125,1574.9713134765625
2025-09-18 00:00:00+07:00,3994.56640625,3250.0,1653.4334716796875,1570.40625
2025-09-19 00:00:00+07:00,3930.137939453125,3230.0,1658.26806640625,1556.7108154296875
2025-09-22 00:00:00+07:00,3874.91357421875,3220.0,1658.26806640625,1552.1456298828125
2025-09-23 00:00:00+07:00,3865.70947265625,3190.0,1716.283203125,1552.1456298828125
2025-09-24 00:00:00+07:00,3856.50537109375,3160.0,1677.6064453125,1552.1456298828125
2025-09-25 00:00:00+07:00,3856.50537109375,3120.0,1677.6064453125,1547.58056640625
2025-09-26 00:00:00+07:00,3847.30126953125,3110.0,1769.4638671875,1547.58056640625
2025-09-29 00:00:00+07:00,3838.09716796875,3080.0,1701.7794189453125,1552.1456298828125
2025-09-30 00:00:00+07:00,3773.668701171875,3060.0,1721.1177978515625,1547.58056640625
2025-10-01 00:00:00+07:00,3727.6484375,3060.0,1721.1177978515625,1529.3199462890625
2025-10-02 00:00:00+07:00,3718.4443359375,3130.0,1730.7869873046875,1533.8851318359375
2025-10-03 00:00:00+07:00,3718.4443359375,3070.0,1774.2984619140625,1552.1456298828125
2025-10-06 00:00:00+07:00,3681.6279296875,3010.0,1798.471435546875,1547.58056640625
2025-10-07 00:00:00+07:00,3672.423828125,3010.0,1769.4638671875,1547.58056640625
2025-10-08 00:00:00+07:00,3626.403564453125,2990.0,1793.6368408203125,1556.7108154296875
2025-10-09 00:00:00+07:00,3773.668701171875,3010.0,1851.652099609375,1561.2760009765625
2025-10-10 00:00:00+07:00,3654.015869140625,3040.0,1837.1483154296875,1552.1456298828125
2025-10-13 00:00:00+07:00,3589.58740234375,3020.0,1788.80224609375,1547.58056640625
2025-10-14 00:00:00+07:00,3497.546630859375,2960.0,1740.456298828125,1538.4503173828125
2025-10-15 00:00:00+07:00,3469.934326171875,3080.0,1774.2984619140625,1611.492431640625
2025-10-16 00:00:00+07:00,3543.56689453125,2950.0,1919.33642578125,1552.1456298828125
2025-10-17 00:00:00+07:00,3497.546630859375,2880.0,1837.1483154296875,1524.7548828125
2025-10-20 00:00:00+07:00,3718.4443359375,2940.0,2011.19384765625,1556.7108154296875
2025-10-21 00:00:00+07:00,3727.6484375,3280.0,1982.186279296875,1552.1456298828125
2025-10-22 00:00:00+07:00,3709.240234375,3150.0,2001.524658203125,1547.58056640625
2025-10-23 00:00:00+07:00,3902.525634765625,3360.0,2185.239501953125,1556.7108154296875
2025-10-24 00:00:00+07:00,4022.178466796875,3290.0,2446.307861328125,1556.7108154296875
2025-10-27 00:00:00+07:00,4022.178466796875,3330.0,2620.353515625,1552.1456298828125
2025-10-28 00:00:00+07:00,4022.178466796875,3400.0,2407.631103515625,1552.1456298828125
2025-10-29 00:00:00+07:00,4086.607177734375,3290.0,2494.654052734375,1565.841064453125
2025-10-30 00:00:00+07:00,4058.994873046875,3250.0,2475.3154296875,1584.1015625
2025-10-31 00:00:00+07:00,4031.382568359375,3210.0,2494.654052734375,1593.23193359375
2025-11-03 00:00:00+07:00,4077.403076171875,3350.0,2581.6767578125,1597.7969970703125
2025-11-04 00:00:00+07:00,4095.81103515625,3500.0,2601.01513671875,1579.5364990234375
2025-11-05 00:00:00+07:00,4105.01513671875,3540.0,2601.01513671875,1593.23193359375
2025-11-06 00:00:00+07:00,4086.607177734375,3480.0,2533.330810546875,1597.7969970703125
2025-11-07 00:00:00+07:00,4141.83154296875,3470.0,2446.307861328125,1593.23193359375
2025-11-10 00:00:00+07:00,4068.198974609375,3440.0,2446.307861328125,1584.1015625
2025-11-11 00:00:00+07:00,4068.198974609375,3520.0,2407.631103515625,1588.666748046875
2025-11-12 00:00:00+07:00,4105.01513671875,3560.0,2465.646240234375,1593.23193359375
2025-11-13 00:00:00+07:00,4068.198974609375,3500.0,2407.631103515625,1593.23193359375
2025-11-14 00:00:00+07:00,4040.586669921875,3550.0,2426.969482421875,1584.1015625
2025-11-17 00:00:00+07:00,4040.586669921875,3610.0,2504.3232421875,1611.492431640625
2025-11-18 00:00:00+07:00,4105.01513671875,3620.0,2426.969482421875,1661.7088623046875
2025-11-19 00:00:00+07:00,4105.01513671875,3650.0,2494.654052734375,1638.8831787109375
2025-11-20 00:00:00+07:00,4105.01513671875,3640.0,2513.992431640625,1643.4483642578125
2025-11-21 00:00:00+07:00,4040.586669921875,3500.0,2455.97705078125,1634.318115234375
2025-11-24 00:00:00+07:00,4040.586669921875,3700.0,2581.6767578125,1625.1878662109375
2025-11-25 00:00:00+07:00,4068.198974609375,3650.0,2543.0,1629.7529296875
2025-11-26 00:00:00+07:00,4058.994873046875,3720.0,2513.992431640625,1629.7529296875
2025-11-27 00:00:00+07:00,4003.7705078125,3570.0,2513.992431640625,1620.6226806640625
2025-11-28 00:00:00+07:00,3920.933837890625,3510.0,2513.992431640625,1620.6226806640625
2025-12-01 00:00:00+07:00,3966.9541015625,3650.0,2533.330810546875,1611.492431640625
2025-12-02 00:00:00+07:00,3930.137939453125,3560.0,2562.33837890625,1620.6226806640625
2025-12-03 00:00:00+07:00,3920.933837890625,3580.0,2678.368896484375,1620.6226806640625
2025-12-04 00:00:00+07:00,3966.9541015625,3630.0,2678.368896484375,1625.1878662109375
2025-12-05 00:00:00+07:00,3948.5458984375,3700.0,2620.353515625,1620.6226806640625
2025-12-08 00:00:00+07:00,3966.9541015625,3630.0,2533.330810546875,1616.0576171875
2025-12-09 00:00:00+07:00,3976.158203125,3570.0,2581.6767578125,1606.92724609375
2025-12-10 00:00:00+07:00,3966.9541015625,3640.0,2639.69189453125,1597.7969970703125
2025-12-11 00:00:00+07:00,3893.321533203125,3570.0,2552.669189453125,1584.1015625
2025-12-12 00:00:00+07:00,3902.525634765625,3550.0,2543.0,1588.666748046875
2025-12-15 00:00:00+07:00,4086.607177734375,3470.0,2580.0,1602.3621826171875
2025-12-16 00:00:00+07:00,4049.790771484375,3520.0,2710.0,1597.7969970703125
2025-12-17 00:00:00+07:00,4022.178466796875,3500.0,2630.0,1597.7969970703125
2025-12-18 00:00:00+07:00,4031.382568359375,3460.0,2650.0,1606.92724609375
2025-12-19 00:00:00+07:00,3994.56640625,3410.0,2770.0,1602.3621826171875
2025-12-22 00:00:00+07:00,3985.3623046875,3470.0,2700.0,1602.3621826171875
2025-12-23 00:00:00+07:00,3948.5458984375,3470.0,2610.0,1593.23193359375
2025-12-24 00:00:00+07:00,3930.137939453125,3460.0,2600.0,1588.666748046875
2025-12-29 00:00:00+07:00,3920.933837890625,3490.0,2600.0,1593.23193359375
2025-12-30 00:00:00+07:00,4022.178466796875,3480.0,2600.0,1634.318115234375
2026-01-02 00:00:00+07:00,3920.933837890625,3470.0,2620.0,1616.0576171875
2026-01-05 00:00:00+07:00,3893.321533203125,3580.0,2580.0,1634.318115234375
2026-01-06 00:00:00+07:00,3902.525634765625,3520.0,2610.0,1634.318115234375
2026-01-07 00:00:00+07:00,3865.70947265625,3540.0,2600.0,1643.4483642578125
2026-01-08 00:00:00+07:00,3874.91357421875,3530.0,2620.0,1643.4483642578125
2026-01-09 00:00:00+07:00,3847.30126953125,3450.0,2620.0,1648.0135498046875
2026-01-12 00:00:00+07:00,3884.117431640625,3520.0,2600.0,1638.8831787109375
2026-01-13 00:00:00+07:00,3994.56640625,3620.0,2600.0,1648.0135498046875
2026-01-14 00:00:00+07:00,4012.974609375,3650.0,2580.0,1638.8831787109375
2026-01-15 00:00:00+07:00,4178.64794921875,3660.0,2450.0,1652.57861328125
2026-01-19 00:00:00+07:00,4252.2802734375,3620.0,2330.0,1675.404296875
2026-01-20 00:00:00+07:00,4206.259765625,3600.0,2320.0,1716.490478515625
2026-01-21 00:00:00+07:00,4224.66796875,3600.0,2290.0,1698.22998046875
2026-01-22 00:00:00+07:00,4224.66796875,3740.0,2280.0,1702.795166015625
2026-01-23 00:00:00+07:00,4233.8720703125,3770.0,2250.0,1698.22998046875
2026-01-26 00:00:00+07:00,4169.44384765625,3850.0,2150.0,1689.0997314453125
2026-01-27 00:00:00+07:00,4141.83154296875,3940.0,2060.0,1657.143798828125
2026-01-28 00:00:00+07:00,4086.607177734375,3470.0,1980.0,1629.7529296875
2026-01-29 00:00:00+07:00,4068.198974609375,3450.0,1860.0,1657.143798828125
2026-01-30 00:00:00+07:00,4132.62744140625,3600.0,1925.0,1657.143798828125
2026-02-02 00:00:00+07:00,4141.83154296875,3500.0,2030.0,1643.4483642578125
2026-02-03 00:00:00+07:00,4224.66796875,3450.0,2010.0,1648.0135498046875
2026-02-04 00:00:00+07:00,4261.484375,3330.0,2050.0,1725.6207275390625
2026-02-05 00:00:00+07:00,4206.259765625,3290.0,2210.0,1711.9254150390625
2026-02-06 00:00:00+07:00,4169.44384765625,3380.0,2300.0,1725.6207275390625
2026-02-09 00:00:00+07:00,4160.23974609375,3350.0,2300.0,1730.1859130859375
2026-02-10 00:00:00+07:00,4151.03564453125,3400.0,2300.0,1725.6207275390625
2026-02-11 00:00:00+07:00,4123.42333984375,3530.0,2260.0,1721.0556640625
2026-02-12 00:00:00+07:00,4151.03564453125,3560.0,2300.0,1716.490478515625
2026-02-13 00:00:00+07:00,4123.42333984375,3450.0,2300.0,1711.9254150390625
2026-02-18 00:00:00+07:00,4132.62744140625,3490.0,2260.0,1716.490478515625
2026-02-19 00:00:00+07:00,4095.81103515625,3480.0,2220.0,1707.3602294921875
2026-02-20 00:00:00+07:00,4114.21923828125,3480.0,2240.0,1702.795166015625
2026-02-23 00:00:00+07:00,4141.83154296875,3550.0,2370.0,1716.490478515625
2026-02-24 00:00:00+07:00,4095.81103515625,3580.0,2350.0,1716.490478515625
2026-02-25 00:00:00+07:00,4141.83154296875,3600.0,2330.0,1721.0556640625
2026-02-26 00:00:00+07:00,4105.01513671875,3650.0,2310.0,1702.795166015625
2026-02-27 00:00:00+07:00,4049.790771484375,3540.0,2380.0,1689.0997314453125
2026-03-02 00:00:00+07:00,3957.75,3450.0,2250.0,1657.143798828125
2026-03-03 00:00:00+07:00,3957.75,3450.0,2080.0,1657.143798828125
2026-03-04 00:00:00+07:00,3819.68896484375,3200.0,1935.0,1611.492431640625
2026-03-05 00:00:00+07:00,3939.342041015625,3260.0,1990.0,1616.0576171875
2026-03-06 00:00:00+07:00,3930.137939453125,3190.0,1975.0,1616.0576171875
2026-03-09 00:00:00+07:00,3948.5458984375,3100.0,1880.0,1584.1015625
2026-03-10 00:00:00+07:00,3920.933837890625,2960.0,1945.0,1588.666748046875
2026-03-11 00:00:00+07:00,3948.5458984375,3000.0,2000.0,1611.492431640625
2026-03-12 00:00:00+07:00,3939.342041015625,3020.0,1890.0,1611.492431640625
2026-03-13 00:00:00+07:00,3902.525634765625,2970.0,1870.0,1602.3621826171875
2026-03-16 00:00:00+07:00,3976.158203125,2960.0,1855.0,1588.666748046875
2026-03-17 00:00:00+07:00,4040.586669921875,3050.0,2000.0,1629.7529296875
2026-03-25 00:00:00+07:00,4040.0,3300.0,1935.0,1648.0135498046875
2026-03-26 00:00:00+07:00,4000.0,3170.0,1940.0,1643.4483642578125
2026-03-27 00:00:00+07:00,3900.0,3050.0,1860.0,1625.1878662109375
2026-03-30 00:00:00+07:00,3850.0,3040.0,1835.0,1611.492431640625
2026-03-31 00:00:00+07:00,3760.0,3060.0,1820.0,1611.492431640625
2026-04-01 00:00:00+07:00,3720.0,3150.0,1910.0,1634.318115234375
2026-04-02 00:00:00+07:00,3700.0,3130.0,1930.0,1648.0135498046875
2026-04-06 00:00:00+07:00,3640.0,3160.0,1915.0,1634.318115234375
2026-04-07 00:00:00+07:00,3510.0,3100.0,1905.0,1634.318115234375
2026-04-08 00:00:00+07:00,3780.0,3160.0,1955.0,1657.143798828125
2026-04-09 00:00:00+07:00,3710.0,3190.0,1910.0,1648.0135498046875
2026-04-10 00:00:00+07:00,3730.0,3210.0,1920.0,1661.7088623046875
2026-04-13 00:00:00+07:00,3680.0,3190.0,1910.0,1661.7088623046875
2026-04-14 00:00:00+07:00,3740.0,3120.0,1910.0,1675.404296875
2026-04-15 00:00:00+07:00,3670.0,3090.0,1895.0,1666.2740478515625
2026-04-16 00:00:00+07:00,3700.0,3120.0,1860.0,1666.2740478515625
2026-04-17 00:00:00+07:00,3710.0,3100.0,1865.0,1693.664794921875
2026-04-20 00:00:00+07:00,3670.0,3100.0,1820.0,1702.795166015625
2026-04-21 00:00:00+07:00,3730.0,3010.0,1800.0,1721.0556640625
2026-04-22 00:00:00+07:00,3830.0,3000.0,1765.0,1734.7510986328125
2026-04-23 00:00:00+07:00,3870.0,2880.0,1675.0,1725.6207275390625
2026-04-24 00:00:00+07:00,3770.0,2810.0,1575.0,1702.795166015625
2026-04-27 00:00:00+07:00,3720.0,2830.0,1520.0,1698.22998046875
2026-04-28 00:00:00+07:00,3790.0,2820.0,1485.0,1705.0
2026-04-29 00:00:00+07:00,3800.0,2870.0,1575.0,1695.0
2026-04-30 00:00:00+07:00,3720.0,2810.0,1535.0,1670.0
2026-05-04 00:00:00+07:00,3840.0,2890.0,1560.0,1655.0
2026-05-05 00:00:00+07:00,3920.0,2880.0,1640.0,1685.0
2026-05-06 00:00:00+07:00,3830.0,2900.0,1805.0,1670.0
2026-05-07 00:00:00+07:00,3980.0,2930.0,1835.0,1700.0
2026-05-08 00:00:00+07:00,3860.0,2960.0,1800.0,1690.0
2026-05-11 00:00:00+07:00,3820.0,2960.0,1785.0,1660.0
2026-05-12 00:00:00+07:00,3910.0,2950.0,1800.0,1660.0
2026-05-13 00:00:00+07:00,3870.0,2960.0,1785.0,1675.0
